{
  "config": {
    "run_name": "exp1_2_K128_L2",
    "out_dir": "./results",
    "seed": 143109478,
    "bs_train": 128,
    "bs_test": 32,
    "batches": 100,
    "epochs": 100,
    "early_stopping": 3,
    "checkpoints": null,
    "lr": 0.001,
    "reg": 0.001,
    "filters_per_layer": [
      128
    ],
    "layers_per_block": 2,
    "pool_every": 2,
    "hidden_dims": [
      100
    ],
    "ycn": false,
    "kw": {}
  },
  "results": {
    "num_epochs": 24,
    "train_loss": [
      2.1792630457878115,
      1.8953289270401001,
      1.744034824371338,
      1.624692008495331,
      1.5201767516136169,
      1.4328585052490235,
      1.3566799139976502,
      1.301403396129608,
      1.2380891799926759,
      1.181977515220642,
      1.1309792757034303,
      1.083632709980011,
      1.0375728738307952,
      0.9972608983516693,
      0.9585376107692718,
      0.9213145351409913,
      0.8845957267284393,
      0.8460780990123749,
      0.8095113158226013,
      0.7747456526756287,
      0.7427733850479126,
      0.7141593265533447,
      0.6961282169818879,
      0.6857620799541473
    ],
    "train_acc": [
      21,
      32,
      38,
      42,
      46,
      48,
      51,
      53,
      56,
      58,
      60,
      62,
      63,
      65,
      66,
      68,
      69,
      70,
      71,
      73,
      74,
      75,
      76,
      76
    ],
    "test_loss": [
      1.973279356956482,
      1.7922435998916626,
      1.6677753925323486,
      1.5515245199203491,
      1.4543261528015137,
      1.3805038928985596,
      1.331624984741211,
      1.2690354585647583,
      1.2229427099227905,
      1.1861170530319214,
      1.1539744138717651,
      1.122022271156311,
      1.0961815118789673,
      1.0757983922958374,
      1.0525476932525635,
      1.0361886024475098,
      1.0232677459716797,
      1.0069866180419922,
      0.9982895851135254,
      0.9872709512710571,
      0.983127236366272,
      0.9883468747138977,
      0.9746972322463989,
      0.9847167134284973
    ],
    "test_acc": [
      30,
      36,
      40,
      44,
      48,
      50,
      52,
      54,
      56,
      57,
      59,
      60,
      61,
      62,
      63,
      63,
      64,
      64,
      65,
      65,
      66,
      66,
      66,
      66
    ]
  }
}