{
  "config": {
    "run_name": "exp1_2_L2_K64",
    "out_dir": "./results",
    "seed": 1083508784,
    "bs_train": 128,
    "bs_test": 32,
    "batches": 100,
    "epochs": 100,
    "early_stopping": 3,
    "checkpoints": null,
    "lr": 0.0015,
    "reg": 0.0002,
    "filters_per_layer": [
      64
    ],
    "layers_per_block": 2,
    "pool_every": 2,
    "hidden_dims": [
      256
    ],
    "ycn": false,
    "kw": {}
  },
  "results": {
    "num_epochs": 25,
    "train_loss": [
      2.116252472333591,
      1.8318539071265998,
      1.683138191242657,
      1.5678959746494927,
      1.4732276966504734,
      1.3965879846411897,
      1.334464424406476,
      1.2765734552422447,
      1.218709580733648,
      1.1632391017721133,
      1.111373424682471,
      1.06171096224919,
      1.0141486158151456,
      0.9688131640024502,
      0.9249200526710666,
      0.8805470323318716,
      0.8381467737505198,
      0.7958961786211604,
      0.7530235611569241,
      0.7095183599025697,
      0.6654005425665385,
      0.6204821505509984,
      0.5758120736197743,
      0.5307455166526462,
      0.4867923381688345
    ],
    "train_acc": [
      23,
      35,
      40,
      44,
      47,
      50,
      52,
      54,
      57,
      58,
      61,
      62,
      64,
      66,
      67,
      69,
      71,
      72,
      74,
      75,
      77,
      79,
      80,
      82,
      84
    ],
    "test_loss": [
      1.9089947938919067,
      1.7372605800628662,
      1.6029325723648071,
      1.5011733770370483,
      1.4190490245819092,
      1.354648232460022,
      1.3069512844085693,
      1.2614753246307373,
      1.226334571838379,
      1.1918307542800903,
      1.155799388885498,
      1.1220260858535767,
      1.088538646697998,
      1.059289813041687,
      1.0373847484588623,
      1.0219155550003052,
      1.0103814601898193,
      1.0021586418151855,
      1.0021883249282837,
      1.0047659873962402,
      1.01207435131073,
      1.0202890634536743,
      1.0293564796447754,
      1.0446281433105469,
      1.0623763799667358
    ],
    "test_acc": [
      32,
      39,
      43,
      46,
      49,
      51,
      53,
      55,
      56,
      57,
      59,
      60,
      61,
      62,
      63,
      64,
      64,
      64,
      65,
      65,
      65,
      66,
      66,
      66,
      66
    ]
  }
}