{
  "config": {
    "run_name": "exp1_2_L8_K256",
    "out_dir": "./results",
    "seed": 1908135908,
    "bs_train": 128,
    "bs_test": 32,
    "batches": 100,
    "epochs": 100,
    "early_stopping": 3,
    "checkpoints": null,
    "lr": 0.0015,
    "reg": 0.0002,
    "filters_per_layer": [
      256
    ],
    "layers_per_block": 8,
    "pool_every": 2,
    "hidden_dims": [
      256
    ],
    "ycn": false,
    "kw": {}
  },
  "results": {
    "num_epochs": 4,
    "train_loss": [
      2.3030635871545737,
      2.302723071154426,
      2.3026438680146355,
      2.302622303633434
    ],
    "train_acc": [
      10,
      9,
      9,
      9
    ],
    "test_loss": [
      2.3027892112731934,
      2.3026235103607178,
      2.3025786876678467,
      2.302563428878784
    ],
    "test_acc": [
      10,
      10,
      10,
      10
    ]
  }
}