{
  "config": {
    "run_name": "exp1_2_L8_K128",
    "out_dir": "./results",
    "seed": 329340158,
    "bs_train": 128,
    "bs_test": 32,
    "batches": 100,
    "epochs": 100,
    "early_stopping": 3,
    "checkpoints": null,
    "lr": 0.0015,
    "reg": 0.0002,
    "filters_per_layer": [
      128
    ],
    "layers_per_block": 8,
    "pool_every": 2,
    "hidden_dims": [
      256
    ],
    "ycn": false,
    "kw": {}
  },
  "results": {
    "num_epochs": 4,
    "train_loss": [
      2.302899268582044,
      2.3026933444430457,
      2.3026481369877105,
      2.3026372435147806
    ],
    "train_acc": [
      9,
      9,
      9,
      9
    ],
    "test_loss": [
      2.302687168121338,
      2.3026020526885986,
      2.3025829792022705,
      2.302578926086426
    ],
    "test_acc": [
      10,
      10,
      10,
      10
    ]
  }
}