{
  "config": {
    "run_name": "exp1_1_K64_L2",
    "out_dir": "./results",
    "seed": 1626978845,
    "bs_train": 128,
    "bs_test": 32,
    "batches": 100,
    "epochs": 100,
    "early_stopping": 3,
    "checkpoints": null,
    "lr": 0.0015,
    "reg": 0.0002,
    "filters_per_layer": [
      64
    ],
    "layers_per_block": 2,
    "pool_every": 2,
    "hidden_dims": [
      256
    ],
    "ycn": false,
    "kw": {}
  },
  "results": {
    "num_epochs": 20,
    "train_loss": [
      2.12459249874515,
      1.8513378786004109,
      1.6847492023502164,
      1.5645266329236043,
      1.4733656867385825,
      1.3888507852773837,
      1.311456281205882,
      1.2485931916614932,
      1.1943544554893317,
      1.1447883641628354,
      1.0982530447833068,
      1.0533255980447735,
      1.0092158488300451,
      0.9655879485942519,
      0.9218232163687801,
      0.8792624929372002,
      0.8373176542389423,
      0.7960467337037597,
      0.7542884226345345,
      0.7121137340965173
    ],
    "train_acc": [
      23,
      34,
      40,
      44,
      47,
      50,
      53,
      55,
      58,
      59,
      61,
      63,
      64,
      66,
      68,
      69,
      71,
      72,
      74,
      75
    ],
    "test_loss": [
      1.942049503326416,
      1.7598991394042969,
      1.5998393297195435,
      1.500357747077942,
      1.4150333404541016,
      1.3382189273834229,
      1.2825618982315063,
      1.2402974367141724,
      1.2083489894866943,
      1.1843758821487427,
      1.1552252769470215,
      1.1268304586410522,
      1.0994542837142944,
      1.0725674629211426,
      1.0498963594436646,
      1.0379161834716797,
      1.0242772102355957,
      1.0167146921157837,
      1.0165717601776123,
      1.0183643102645874
    ],
    "test_acc": [
      30,
      37,
      43,
      46,
      50,
      52,
      55,
      56,
      57,
      58,
      59,
      60,
      61,
      62,
      63,
      63,
      64,
      64,
      64,
      64
    ]
  }
}