{
  "config": {
    "run_name": "exp1_1_K32_L8",
    "out_dir": "./results",
    "seed": 1939900059,
    "bs_train": 128,
    "bs_test": 32,
    "batches": 100,
    "epochs": 100,
    "early_stopping": 3,
    "checkpoints": null,
    "lr": 0.0015,
    "reg": 0.0002,
    "filters_per_layer": [
      32
    ],
    "layers_per_block": 8,
    "pool_every": 2,
    "hidden_dims": [
      256
    ],
    "ycn": false,
    "kw": {}
  },
  "results": {
    "num_epochs": 4,
    "train_loss": [
      2.303105804316528,
      2.3027315231235437,
      2.302669028187042,
      2.302657596900335
    ],
    "train_acc": [
      10,
      9,
      9,
      9
    ],
    "test_loss": [
      2.3027453422546387,
      2.3026154041290283,
      2.302593231201172,
      2.3025894165039062
    ],
    "test_acc": [
      10,
      10,
      10,
      10
    ]
  }
}