{
  "config": {
    "run_name": "exp1_MNIST_NORM_CONVVAR_R2",
    "out_dir": "./results",
    "seed": 1811189179,
    "bs_train": 128,
    "bs_test": 32,
    "batches": 100,
    "epochs": 100,
    "early_stopping": 5,
    "checkpoints": null,
    "lr": 0.0015,
    "reg": 0.0002,
    "filters_per_layer": 0,
    "layers_per_block": 0,
    "pool_every": 0,
    "hidden_dims": 0,
    "ycn": "LeNet5ConvVariance",
    "dataset": "MNIST",
    "kw": {
      "rounding": 2
    }
  },
  "results": {
    "num_epochs": 7,
    "train_loss": [
      0.19157762426350797,
      0.09570220385644354,
      0.0764203885816403,
      0.0673212250456341,
      0.06075411326269796,
      0.05588087811271773,
      0.04993517612164685
    ],
    "train_acc": [
      94,
      96,
      97,
      97,
      97,
      98,
      98
    ],
    "test_loss": [
      0.10405721515417099,
      0.08999370038509369,
      0.07869287580251694,
      0.07896356284618378,
      0.06990377604961395,
      0.07275273650884628,
      0.06762083619832993
    ],
    "test_acc": [
      96,
      97,
      97,
      97,
      97,
      97,
      97
    ]
  }
}