{
  "config": {
    "run_name": "exp1_2_L4_K64",
    "out_dir": "./results",
    "seed": 1230240509,
    "bs_train": 128,
    "bs_test": 32,
    "batches": 100,
    "epochs": 100,
    "early_stopping": 3,
    "checkpoints": null,
    "lr": 0.0015,
    "reg": 0.0002,
    "filters_per_layer": [
      64
    ],
    "layers_per_block": 4,
    "pool_every": 2,
    "hidden_dims": [
      256
    ],
    "ycn": false,
    "kw": {}
  },
  "results": {
    "num_epochs": 21,
    "train_loss": [
      2.3007302089115544,
      2.216505714084791,
      1.9551943031418355,
      1.7995687979261588,
      1.6766975544907552,
      1.5816937294762459,
      1.5021221692604787,
      1.4338572824092777,
      1.3816718838708786,
      1.3365238289089154,
      1.2930833531157744,
      1.2500916548702112,
      1.206826203466986,
      1.1620532284917124,
      1.1162904758587517,
      1.0694939698404669,
      1.0239768647171956,
      0.9776125312461268,
      0.9356948384238631,
      0.8913316687049768,
      0.8458135047227221
    ],
    "train_acc": [
      11,
      17,
      29,
      35,
      40,
      43,
      46,
      48,
      50,
      52,
      54,
      55,
      57,
      59,
      60,
      62,
      64,
      65,
      67,
      68,
      70
    ],
    "test_loss": [
      2.2950360774993896,
      2.0220983028411865,
      1.885095477104187,
      1.744959831237793,
      1.6355047225952148,
      1.5264025926589966,
      1.4568233489990234,
      1.417344570159912,
      1.392578125,
      1.3626726865768433,
      1.347912311553955,
      1.3270511627197266,
      1.301719069480896,
      1.2663553953170776,
      1.2278550863265991,
      1.1996984481811523,
      1.17353355884552,
      1.157975196838379,
      1.161393642425537,
      1.1850974559783936,
      1.1794100999832153
    ],
    "test_acc": [
      15,
      27,
      32,
      37,
      41,
      45,
      48,
      49,
      50,
      52,
      52,
      53,
      54,
      55,
      56,
      57,
      58,
      59,
      59,
      59,
      59
    ]
  }
}