{
  "config": {
    "run_name": "exp1_3_L1_K64-128-256",
    "out_dir": "./results",
    "seed": 1672002110,
    "bs_train": 64,
    "bs_test": 16,
    "batches": 100,
    "epochs": 100,
    "early_stopping": 3,
    "checkpoints": null,
    "lr": 0.0015,
    "reg": 0.0002,
    "filters_per_layer": [
      64,
      128,
      256
    ],
    "layers_per_block": 1,
    "pool_every": 2,
    "hidden_dims": [
      100
    ],
    "ycn": false,
    "kw": {}
  },
  "results": {
    "num_epochs": 14,
    "train_loss": [
      1.9896075502990762,
      1.6693343039973618,
      1.4586512894581651,
      1.3064192624195763,
      1.2025842005791871,
      1.1173224153421115,
      1.0396026030678274,
      0.9704387577445915,
      0.9076135547264762,
      0.8491939668307829,
      0.7941503719905453,
      0.7405892379982087,
      0.6889906473019544,
      0.6379238439490423
    ],
    "train_acc": [
      28,
      40,
      47,
      53,
      57,
      60,
      63,
      66,
      68,
      70,
      72,
      74,
      76,
      78
    ],
    "test_loss": [
      1.8049721717834473,
      1.5340960025787354,
      1.3748371601104736,
      1.259418249130249,
      1.1757776737213135,
      1.1091102361679077,
      1.0622563362121582,
      1.0244158506393433,
      0.9987608194351196,
      0.979832112789154,
      0.9712486863136292,
      0.9658185243606567,
      0.9721542596817017,
      0.9822769165039062
    ],
    "test_acc": [
      36,
      44,
      50,
      54,
      57,
      60,
      62,
      64,
      65,
      65,
      66,
      66,
      66,
      66
    ]
  }
}