{
  "config": {
    "run_name": "exp1_2_L4_K256",
    "out_dir": "./results",
    "seed": 277105942,
    "bs_train": 128,
    "bs_test": 32,
    "batches": 100,
    "epochs": 100,
    "early_stopping": 3,
    "checkpoints": null,
    "lr": 0.0015,
    "reg": 0.0002,
    "filters_per_layer": [
      256
    ],
    "layers_per_block": 4,
    "pool_every": 2,
    "hidden_dims": [
      256
    ],
    "ycn": false,
    "kw": {}
  },
  "results": {
    "num_epochs": 22,
    "train_loss": [
      2.2960175053237952,
      2.056427638549024,
      1.8314589844335376,
      1.6844260460885285,
      1.5439178681434573,
      1.427984275171519,
      1.3505084767670887,
      1.285234414098208,
      1.2236364677434077,
      1.1629391187597113,
      1.1021582635162432,
      1.0400594858562244,
      0.9811383433963942,
      0.9234246276223751,
      0.8681564460630002,
      0.8133232857260253,
      0.760596408106177,
      0.713551443784743,
      0.6674602354883843,
      0.6141700503771262,
      0.5551118422347261,
      0.49259513742326166
    ],
    "train_acc": [
      12,
      25,
      34,
      39,
      44,
      48,
      51,
      54,
      56,
      58,
      61,
      63,
      65,
      67,
      69,
      71,
      73,
      75,
      77,
      78,
      81,
      83
    ],
    "test_loss": [
      2.2690372467041016,
      1.9199758768081665,
      1.760663628578186,
      1.6085054874420166,
      1.4681638479232788,
      1.3759233951568604,
      1.3452104330062866,
      1.3109993934631348,
      1.2680836915969849,
      1.1995173692703247,
      1.1352068185806274,
      1.0894192457199097,
      1.0517319440841675,
      1.026715874671936,
      1.0179203748703003,
      1.000185251235962,
      1.0043319463729858,
      1.021578311920166,
      1.0106998682022095,
      1.0180317163467407,
      1.0529521703720093,
      1.128124713897705
    ],
    "test_acc": [
      10,
      31,
      37,
      42,
      47,
      51,
      52,
      53,
      55,
      57,
      59,
      61,
      62,
      63,
      64,
      65,
      65,
      65,
      66,
      66,
      66,
      66
    ]
  }
}