{
  "config": {
    "run_name": "exp1_1_K64_L4",
    "out_dir": "./results",
    "seed": 1796883193,
    "bs_train": 128,
    "bs_test": 32,
    "batches": 100,
    "epochs": 100,
    "early_stopping": 3,
    "checkpoints": null,
    "lr": 0.0015,
    "reg": 0.0002,
    "filters_per_layer": [
      64
    ],
    "layers_per_block": 4,
    "pool_every": 2,
    "hidden_dims": [
      256
    ],
    "ycn": false,
    "kw": {}
  },
  "results": {
    "num_epochs": 27,
    "train_loss": [
      2.3018702728973937,
      2.2889155067141402,
      2.04795252392664,
      1.8489175696507134,
      1.714028868833771,
      1.6264604894096588,
      1.5498845324187023,
      1.4772891153764847,
      1.4117672571440791,
      1.3584194162007792,
      1.3120823540650974,
      1.2687110702704896,
      1.2278371872499472,
      1.1878178967234423,
      1.1464589413474588,
      1.1073342788859706,
      1.0662655062077906,
      1.0236229968192938,
      0.9813028177641847,
      0.9412342663616171,
      0.898090875819516,
      0.8558395350985515,
      0.8094167785571359,
      0.7607798015370089,
      0.7141789483749653,
      0.6727098211303086,
      0.6412709964358289
    ],
    "train_acc": [
      10,
      14,
      26,
      34,
      39,
      42,
      44,
      47,
      49,
      51,
      53,
      55,
      56,
      58,
      59,
      61,
      62,
      64,
      65,
      67,
      68,
      70,
      71,
      73,
      75,
      76,
      77
    ],
    "test_loss": [
      2.299874782562256,
      2.248311758041382,
      1.9426288604736328,
      1.7846192121505737,
      1.6811819076538086,
      1.6009849309921265,
      1.5189152956008911,
      1.447448492050171,
      1.406941294670105,
      1.372764229774475,
      1.3431549072265625,
      1.332558512687683,
      1.3010759353637695,
      1.279246211051941,
      1.2471193075180054,
      1.2158838510513306,
      1.1881968975067139,
      1.1707369089126587,
      1.1630573272705078,
      1.155938744544983,
      1.1308975219726562,
      1.1275380849838257,
      1.1288795471191406,
      1.1399935483932495,
      1.1601550579071045,
      1.1760084629058838,
      1.2381136417388916
    ],
    "test_acc": [
      10,
      15,
      30,
      37,
      40,
      43,
      46,
      48,
      50,
      51,
      52,
      52,
      53,
      54,
      55,
      57,
      58,
      58,
      59,
      59,
      61,
      61,
      61,
      62,
      62,
      62,
      61
    ]
  }
}