{
  "config": {
    "run_name": "exp1_MNIST_NORM_CONVVAR_R100",
    "out_dir": "./results",
    "seed": 204479616,
    "bs_train": 128,
    "bs_test": 32,
    "batches": 100,
    "epochs": 100,
    "early_stopping": 5,
    "checkpoints": null,
    "lr": 0.0015,
    "reg": 0.0002,
    "filters_per_layer": 0,
    "layers_per_block": 0,
    "pool_every": 0,
    "hidden_dims": 0,
    "ycn": "LeNet5ConvVariance",
    "dataset": "MNIST",
    "kw": {
      "rounding": 100
    }
  },
  "results": {
    "num_epochs": 7,
    "train_loss": [
      0.18717030217366687,
      0.09521043115158452,
      0.07786577067244599,
      0.06807870662876411,
      0.06000326339925911,
      0.054794654871688594,
      0.051691762531108694
    ],
    "train_acc": [
      94,
      96,
      97,
      97,
      98,
      98,
      98
    ],
    "test_loss": [
      0.12165971100330353,
      0.09305652230978012,
      0.08752331882715225,
      0.0699070394039154,
      0.07069901376962662,
      0.0724504142999649,
      0.0678543895483017
    ],
    "test_acc": [
      95,
      97,
      97,
      97,
      97,
      97,
      97
    ]
  }
}