{
  "config": {
    "run_name": "exp1_2_K32_L2",
    "out_dir": "./results",
    "seed": 1173510191,
    "bs_train": 128,
    "bs_test": 32,
    "batches": 100,
    "epochs": 100,
    "early_stopping": 3,
    "checkpoints": null,
    "lr": 0.001,
    "reg": 0.001,
    "filters_per_layer": [
      32
    ],
    "layers_per_block": 2,
    "pool_every": 2,
    "hidden_dims": [
      100
    ],
    "ycn": false,
    "kw": {}
  },
  "results": {
    "num_epochs": 26,
    "train_loss": [
      2.279388837814331,
      2.042314467430115,
      1.8860612392425538,
      1.7945400476455688,
      1.726279058456421,
      1.658446910381317,
      1.590667028427124,
      1.5230045747756957,
      1.466192593574524,
      1.4202111101150512,
      1.3731647372245788,
      1.33665274143219,
      1.3054617309570313,
      1.2724143433570863,
      1.2417881298065185,
      1.205732822418213,
      1.1723480486869813,
      1.1378728532791138,
      1.1020510768890381,
      1.0665748381614686,
      1.0345462954044342,
      1.0053616619110108,
      0.9762635064125061,
      0.9505115950107574,
      0.9284315490722657,
      0.9015163457393647
    ],
    "train_acc": [
      14,
      27,
      33,
      36,
      38,
      41,
      43,
      46,
      48,
      49,
      51,
      52,
      53,
      55,
      56,
      57,
      58,
      60,
      61,
      62,
      63,
      64,
      65,
      66,
      67,
      68
    ],
    "test_loss": [
      2.207087278366089,
      1.9355162382125854,
      1.8264780044555664,
      1.7550827264785767,
      1.6830822229385376,
      1.608241319656372,
      1.5657938718795776,
      1.5069513320922852,
      1.4551270008087158,
      1.3966773748397827,
      1.3671613931655884,
      1.3238168954849243,
      1.3061784505844116,
      1.2881869077682495,
      1.2626368999481201,
      1.238189935684204,
      1.215856909751892,
      1.1928356885910034,
      1.174249529838562,
      1.1548985242843628,
      1.1359026432037354,
      1.1190959215164185,
      1.1115278005599976,
      1.1123238801956177,
      1.095934510231018,
      1.094195008277893
    ],
    "test_acc": [
      22,
      30,
      35,
      37,
      40,
      42,
      44,
      46,
      48,
      50,
      51,
      52,
      53,
      54,
      55,
      56,
      57,
      58,
      58,
      59,
      59,
      60,
      61,
      61,
      61,
      61
    ]
  }
}