{
  "config": {
    "run_name": "exp1_3_L3_K64-128-256",
    "out_dir": "./results",
    "seed": 509784890,
    "bs_train": 64,
    "bs_test": 16,
    "batches": 100,
    "epochs": 100,
    "early_stopping": 3,
    "checkpoints": null,
    "lr": 0.0015,
    "reg": 0.0002,
    "filters_per_layer": [
      64,
      128,
      256
    ],
    "layers_per_block": 3,
    "pool_every": 2,
    "hidden_dims": [
      100
    ],
    "ycn": false,
    "kw": {}
  },
  "results": {
    "num_epochs": 4,
    "train_loss": [
      2.303241620893064,
      2.302716176223267,
      2.302689190410897,
      2.3026824595068422
    ],
    "train_acc": [
      9,
      9,
      9,
      9
    ],
    "test_loss": [
      2.302666664123535,
      2.3025925159454346,
      2.302583932876587,
      2.302576780319214
    ],
    "test_acc": [
      10,
      10,
      10,
      10
    ]
  }
}