{
  "config": {
    "run_name": "exp1_2_L2_K32",
    "out_dir": "./results",
    "seed": 43610090,
    "bs_train": 128,
    "bs_test": 32,
    "batches": 100,
    "epochs": 100,
    "early_stopping": 3,
    "checkpoints": null,
    "lr": 0.0015,
    "reg": 0.0002,
    "filters_per_layer": [
      32
    ],
    "layers_per_block": 2,
    "pool_every": 2,
    "hidden_dims": [
      256
    ],
    "ycn": false,
    "kw": {}
  },
  "results": {
    "num_epochs": 24,
    "train_loss": [
      2.2070489768177044,
      1.900323706209812,
      1.7580611330773823,
      1.6442772153088503,
      1.5621897381589847,
      1.4989200867045567,
      1.4410198009227548,
      1.3833065923217618,
      1.3305859398049162,
      1.2827669610757657,
      1.2354712376509176,
      1.1884347647047409,
      1.1438539095242004,
      1.1015465658948855,
      1.0616177718352784,
      1.0229631933714727,
      0.985184863857601,
      0.9485549678278091,
      0.9122133390677859,
      0.8759353215737111,
      0.839382318736952,
      0.8038183709849482,
      0.7678892915815954,
      0.7317431681906171
    ],
    "train_acc": [
      17,
      32,
      37,
      41,
      44,
      46,
      49,
      51,
      52,
      54,
      56,
      58,
      59,
      61,
      62,
      64,
      65,
      67,
      68,
      69,
      70,
      72,
      73,
      74
    ],
    "test_loss": [
      1.9836610555648804,
      1.8233891725540161,
      1.6904747486114502,
      1.5863873958587646,
      1.5209051370620728,
      1.4658331871032715,
      1.4146987199783325,
      1.3678921461105347,
      1.3267860412597656,
      1.2919018268585205,
      1.2587324380874634,
      1.2312864065170288,
      1.2062888145446777,
      1.1843162775039673,
      1.1642327308654785,
      1.1435827016830444,
      1.127771258354187,
      1.113823652267456,
      1.1045407056808472,
      1.096567988395691,
      1.0939247608184814,
      1.0954437255859375,
      1.098120927810669,
      1.1035009622573853
    ],
    "test_acc": [
      30,
      35,
      40,
      43,
      45,
      47,
      49,
      51,
      52,
      54,
      55,
      56,
      57,
      58,
      59,
      59,
      60,
      60,
      61,
      61,
      62,
      62,
      62,
      62
    ]
  }
}