{
  "config": {
    "run_name": "exp1_2_L8_K64",
    "out_dir": "./results",
    "seed": 22118528,
    "bs_train": 128,
    "bs_test": 32,
    "batches": 100,
    "epochs": 100,
    "early_stopping": 3,
    "checkpoints": null,
    "lr": 0.0015,
    "reg": 0.0002,
    "filters_per_layer": [
      64
    ],
    "layers_per_block": 8,
    "pool_every": 2,
    "hidden_dims": [
      256
    ],
    "ycn": false,
    "kw": {}
  },
  "results": {
    "num_epochs": 4,
    "train_loss": [
      2.303139146941397,
      2.3027378665211864,
      2.302661021347241,
      2.3026471741669012
    ],
    "train_acc": [
      9,
      9,
      9,
      9
    ],
    "test_loss": [
      2.302795171737671,
      2.3026278018951416,
      2.3025949001312256,
      2.3025882244110107
    ],
    "test_acc": [
      10,
      10,
      10,
      10
    ]
  }
}