{
  "config": {
    "run_name": "exp1_MNIST_NORM_CONVVAR_R1000",
    "out_dir": "./results",
    "seed": 1929119141,
    "bs_train": 128,
    "bs_test": 32,
    "batches": 100,
    "epochs": 100,
    "early_stopping": 5,
    "checkpoints": null,
    "lr": 0.0015,
    "reg": 0.0002,
    "filters_per_layer": 0,
    "layers_per_block": 0,
    "pool_every": 0,
    "hidden_dims": 0,
    "ycn": "LeNet5ConvVariance",
    "dataset": "MNIST",
    "kw": {
      "rounding": 1000
    }
  },
  "results": {
    "num_epochs": 8,
    "train_loss": [
      0.18600818030297883,
      0.09304323960453081,
      0.07484298738549704,
      0.06622673111207196,
      0.05790023078748793,
      0.0531979774428742,
      0.049532178041737665,
      0.047432279962895396
    ],
    "train_acc": [
      94,
      97,
      97,
      97,
      98,
      98,
      98,
      98
    ],
    "test_loss": [
      0.11534283310174942,
      0.09475342929363251,
      0.07742247730493546,
      0.06982922554016113,
      0.08180667459964752,
      0.06763530522584915,
      0.07107508182525635,
      0.06392242759466171
    ],
    "test_acc": [
      96,
      96,
      97,
      97,
      97,
      97,
      97,
      97
    ]
  }
}