{
  "config": {
    "run_name": "exp1_2_L4_K32",
    "out_dir": "./results",
    "seed": 171629924,
    "bs_train": 128,
    "bs_test": 32,
    "batches": 100,
    "epochs": 100,
    "early_stopping": 3,
    "checkpoints": null,
    "lr": 0.0015,
    "reg": 0.0002,
    "filters_per_layer": [
      32
    ],
    "layers_per_block": 4,
    "pool_every": 2,
    "hidden_dims": [
      256
    ],
    "ycn": false,
    "kw": {}
  },
  "results": {
    "num_epochs": 25,
    "train_loss": [
      2.302547287148283,
      2.296883150744621,
      2.201071584316166,
      2.0525993297776908,
      1.8633535612574623,
      1.7436374935042827,
      1.6420268198413313,
      1.5531906810258052,
      1.4807092259302164,
      1.4237057562069515,
      1.370398179649392,
      1.321892721573715,
      1.2770643548282516,
      1.2355088971155075,
      1.1955777290836929,
      1.1573735353586925,
      1.119178087662553,
      1.0795903800393614,
      1.0402459589111837,
      1.0014680227660158,
      0.9636272557861055,
      0.9219037942264391,
      0.8813799959619332,
      0.8411734274891026,
      0.801769917425902
    ],
    "train_acc": [
      11,
      12,
      18,
      26,
      33,
      37,
      41,
      44,
      47,
      49,
      51,
      53,
      54,
      56,
      57,
      59,
      60,
      62,
      63,
      64,
      66,
      67,
      69,
      70,
      72
    ],
    "test_loss": [
      2.30129337310791,
      2.2852814197540283,
      2.1306474208831787,
      1.9533265829086304,
      1.806414008140564,
      1.7063218355178833,
      1.596606731414795,
      1.5102880001068115,
      1.4594484567642212,
      1.4336459636688232,
      1.4138000011444092,
      1.3679864406585693,
      1.3244152069091797,
      1.294844627380371,
      1.2566465139389038,
      1.2338513135910034,
      1.2198960781097412,
      1.211272120475769,
      1.2040358781814575,
      1.2079169750213623,
      1.1785650253295898,
      1.1642985343933105,
      1.1857707500457764,
      1.2212821245193481,
      1.2102175951004028
    ],
    "test_acc": [
      10,
      12,
      21,
      31,
      36,
      39,
      43,
      45,
      47,
      49,
      50,
      51,
      52,
      53,
      55,
      55,
      56,
      56,
      57,
      57,
      58,
      59,
      59,
      58,
      59
    ]
  }
}