{
  "config": {
    "run_name": "exp1_4_K128_L2",
    "out_dir": "./results",
    "seed": 85454191,
    "bs_train": 128,
    "bs_test": 32,
    "batches": 100,
    "epochs": 100,
    "early_stopping": 3,
    "checkpoints": null,
    "lr": 0.001,
    "reg": 0.001,
    "filters_per_layer": [
      128
    ],
    "layers_per_block": 4,
    "pool_every": 2,
    "hidden_dims": [
      100
    ],
    "ycn": false,
    "kw": {}
  },
  "results": {
    "num_epochs": 29,
    "train_loss": [
      2.302228260040283,
      2.291324620246887,
      2.1744747829437254,
      1.978846354484558,
      1.8202708268165588,
      1.7183662152290344,
      1.6156097722053528,
      1.5491975259780884,
      1.467888376712799,
      1.403372230529785,
      1.349843966960907,
      1.3107286787033081,
      1.263502357006073,
      1.2218492794036866,
      1.1848574519157409,
      1.1512833738327026,
      1.123149824142456,
      1.09178866147995,
      1.0525429081916808,
      1.0103667545318604,
      0.9786064028739929,
      0.9499735367298127,
      0.9017174351215362,
      0.8506403052806855,
      0.8085268998146057,
      0.7727354025840759,
      0.7434994053840637,
      0.7277346801757812,
      0.7157352077960968
    ],
    "train_acc": [
      10,
      12,
      20,
      29,
      35,
      38,
      42,
      45,
      47,
      50,
      52,
      53,
      55,
      56,
      58,
      59,
      60,
      61,
      62,
      64,
      65,
      66,
      68,
      70,
      71,
      73,
      74,
      74,
      75
    ],
    "test_loss": [
      2.2998197078704834,
      2.2692248821258545,
      2.046834945678711,
      1.8953897953033447,
      1.7330242395401,
      1.6360613107681274,
      1.5934772491455078,
      1.4782878160476685,
      1.4051201343536377,
      1.3436269760131836,
      1.312416911125183,
      1.2866082191467285,
      1.2550169229507446,
      1.2264221906661987,
      1.2099517583847046,
      1.1902620792388916,
      1.1800564527511597,
      1.1717870235443115,
      1.1364396810531616,
      1.12147855758667,
      1.1465744972229004,
      1.0999552011489868,
      1.0742682218551636,
      1.0591758489608765,
      1.0476138591766357,
      1.049055576324463,
      1.0613702535629272,
      1.063106894493103,
      1.0616788864135742
    ],
    "test_acc": [
      15,
      13,
      27,
      31,
      38,
      42,
      43,
      47,
      49,
      52,
      53,
      53,
      54,
      56,
      57,
      57,
      57,
      58,
      59,
      60,
      59,
      60,
      62,
      63,
      63,
      64,
      64,
      63,
      64
    ]
  }
}