{
  "config": {
    "run_name": "exp1_MNIST_NORM_CONVVAR_R0",
    "out_dir": "./results",
    "seed": 48910121,
    "bs_train": 128,
    "bs_test": 32,
    "batches": 100,
    "epochs": 100,
    "early_stopping": 5,
    "checkpoints": null,
    "lr": 0.0015,
    "reg": 0.0002,
    "filters_per_layer": 0,
    "layers_per_block": 0,
    "pool_every": 0,
    "hidden_dims": 0,
    "ycn": "LeNet5ConvVariance",
    "dataset": "MNIST",
    "kw": {
      "rounding": 0
    }
  },
  "results": {
    "num_epochs": 9,
    "train_loss": [
      0.19220982447488985,
      0.09621896985163694,
      0.07816590749616943,
      0.0671609052276211,
      0.05993186364343553,
      0.05539145233081793,
      0.04941471199642049,
      0.04743795292173971,
      0.04661195497832763
    ],
    "train_acc": [
      93,
      96,
      97,
      97,
      98,
      98,
      98,
      98,
      98
    ],
    "test_loss": [
      0.13508300483226776,
      0.0996270626783371,
      0.1007799282670021,
      0.07694107294082642,
      0.07543420791625977,
      0.06949679553508759,
      0.07440593838691711,
      0.06651730835437775,
      0.05877627432346344
    ],
    "test_acc": [
      95,
      96,
      96,
      97,
      97,
      97,
      97,
      97,
      97
    ]
  }
}