{
  "config": {
    "run_name": "exp1_MNIST_NORM_CONVVAR_R1",
    "out_dir": "./results",
    "seed": 1184365008,
    "bs_train": 128,
    "bs_test": 32,
    "batches": 100,
    "epochs": 100,
    "early_stopping": 5,
    "checkpoints": null,
    "lr": 0.0015,
    "reg": 0.0002,
    "filters_per_layer": 0,
    "layers_per_block": 0,
    "pool_every": 0,
    "hidden_dims": 0,
    "ycn": "LeNet5ConvVariance",
    "dataset": "MNIST",
    "kw": {
      "rounding": 1
    }
  },
  "results": {
    "num_epochs": 7,
    "train_loss": [
      0.19651093660021768,
      0.10104128043415514,
      0.08341405762315814,
      0.07287752027633285,
      0.06606536609198112,
      0.059761441002951374,
      0.056134116607529524
    ],
    "train_acc": [
      93,
      96,
      97,
      97,
      97,
      98,
      98
    ],
    "test_loss": [
      0.10928130894899368,
      0.09141749888658524,
      0.08181855082511902,
      0.08168800175189972,
      0.08300340920686722,
      0.06934419274330139,
      0.07077297568321228
    ],
    "test_acc": [
      96,
      97,
      97,
      97,
      97,
      97,
      97
    ]
  }
}