{
  "config": {
    "run_name": "exp1_2_L2_K128",
    "out_dir": "./results",
    "seed": 337080641,
    "bs_train": 128,
    "bs_test": 32,
    "batches": 100,
    "epochs": 100,
    "early_stopping": 3,
    "checkpoints": null,
    "lr": 0.0015,
    "reg": 0.0002,
    "filters_per_layer": [
      128
    ],
    "layers_per_block": 2,
    "pool_every": 2,
    "hidden_dims": [
      256
    ],
    "ycn": false,
    "kw": {}
  },
  "results": {
    "num_epochs": 18,
    "train_loss": [
      2.0310705031275442,
      1.7569405511212166,
      1.5836561582887265,
      1.4479667478815064,
      1.3463964886067774,
      1.2640951884067273,
      1.1961112947720092,
      1.136591277006642,
      1.0814556842264922,
      1.028507123212985,
      0.9776789677112608,
      0.9289771868749652,
      0.882245014085794,
      0.8363722023146841,
      0.7913638911283839,
      0.745629346279232,
      0.6996401724455606,
      0.6542320461834178
    ],
    "train_acc": [
      27,
      38,
      43,
      48,
      52,
      55,
      57,
      59,
      61,
      63,
      65,
      67,
      69,
      70,
      72,
      74,
      76,
      77
    ],
    "test_loss": [
      1.8585189580917358,
      1.6413887739181519,
      1.4852752685546875,
      1.3741724491119385,
      1.3009090423583984,
      1.2477331161499023,
      1.1976518630981445,
      1.1525875329971313,
      1.1152596473693848,
      1.0807552337646484,
      1.049315333366394,
      1.0234113931655884,
      1.004172921180725,
      0.9927449822425842,
      0.9822088479995728,
      0.9793088436126709,
      0.977400004863739,
      0.977834165096283
    ],
    "test_acc": [
      34,
      42,
      47,
      51,
      54,
      56,
      57,
      59,
      60,
      62,
      63,
      64,
      65,
      65,
      66,
      66,
      66,
      66
    ]
  }
}