{
  "config": {
    "run_name": "exp1_2_K64_L2",
    "out_dir": "./results",
    "seed": 156218031,
    "bs_train": 128,
    "bs_test": 32,
    "batches": 100,
    "epochs": 100,
    "early_stopping": 3,
    "checkpoints": null,
    "lr": 0.001,
    "reg": 0.001,
    "filters_per_layer": [
      64
    ],
    "layers_per_block": 2,
    "pool_every": 2,
    "hidden_dims": [
      100
    ],
    "ycn": false,
    "kw": {}
  },
  "results": {
    "num_epochs": 27,
    "train_loss": [
      2.222739496231079,
      1.9304209876060485,
      1.8030113196372985,
      1.6877841782569885,
      1.5898348450660706,
      1.5019257712364196,
      1.4298278880119324,
      1.3732045340538024,
      1.3215853691101074,
      1.2681849026679992,
      1.222038085460663,
      1.1843552827835082,
      1.1522728204727173,
      1.1165942025184632,
      1.0704446923732758,
      1.0368064987659453,
      0.9993810653686523,
      0.9641371035575866,
      0.9317107129096985,
      0.9009115135669709,
      0.8715408468246459,
      0.8424936997890472,
      0.810580142736435,
      0.7770229077339172,
      0.7458715760707855,
      0.7205794298648834,
      0.7090815234184266
    ],
    "train_acc": [
      18,
      31,
      36,
      40,
      43,
      46,
      49,
      51,
      53,
      55,
      56,
      58,
      59,
      60,
      62,
      63,
      65,
      66,
      67,
      68,
      69,
      70,
      71,
      73,
      74,
      75,
      75
    ],
    "test_loss": [
      2.0179262161254883,
      1.8446455001831055,
      1.7283655405044556,
      1.631238341331482,
      1.5349409580230713,
      1.447363257408142,
      1.392555832862854,
      1.3364557027816772,
      1.2884854078292847,
      1.255330204963684,
      1.226755976676941,
      1.1997463703155518,
      1.173556923866272,
      1.159658432006836,
      1.1320780515670776,
      1.1220146417617798,
      1.1048790216445923,
      1.0870729684829712,
      1.0805816650390625,
      1.06694495677948,
      1.0486291646957397,
      1.037384033203125,
      1.0310423374176025,
      1.0234342813491821,
      1.0201276540756226,
      1.0170015096664429,
      1.0391647815704346
    ],
    "test_acc": [
      28,
      34,
      39,
      42,
      45,
      48,
      50,
      52,
      54,
      55,
      56,
      57,
      58,
      58,
      60,
      60,
      61,
      62,
      62,
      63,
      64,
      64,
      64,
      65,
      65,
      65,
      64
    ]
  }
}