{
  "config": {
    "run_name": "exp1_2_L8_K32",
    "out_dir": "./results",
    "seed": 2047005403,
    "bs_train": 128,
    "bs_test": 32,
    "batches": 100,
    "epochs": 100,
    "early_stopping": 3,
    "checkpoints": null,
    "lr": 0.0015,
    "reg": 0.0002,
    "filters_per_layer": [
      32
    ],
    "layers_per_block": 8,
    "pool_every": 2,
    "hidden_dims": [
      256
    ],
    "ycn": false,
    "kw": {}
  },
  "results": {
    "num_epochs": 4,
    "train_loss": [
      2.302940691828423,
      2.3026995347893755,
      2.302662410394615,
      2.3026567773745796
    ],
    "train_acc": [
      9,
      9,
      9,
      9
    ],
    "test_loss": [
      2.3026864528656006,
      2.3026041984558105,
      2.3025918006896973,
      2.3025903701782227
    ],
    "test_acc": [
      10,
      10,
      10,
      10
    ]
  }
}