{
  "config": {
    "run_name": "exp1_3_L2_K64-128-256",
    "out_dir": "./results",
    "seed": 2123002135,
    "bs_train": 64,
    "bs_test": 16,
    "batches": 100,
    "epochs": 100,
    "early_stopping": 3,
    "checkpoints": null,
    "lr": 0.0015,
    "reg": 0.0002,
    "filters_per_layer": [
      64,
      128,
      256
    ],
    "layers_per_block": 2,
    "pool_every": 2,
    "hidden_dims": [
      100
    ],
    "ycn": false,
    "kw": {}
  },
  "results": {
    "num_epochs": 19,
    "train_loss": [
      2.302836576386181,
      2.3014064682719044,
      2.221797451186363,
      1.9674012657931395,
      1.7964216232909571,
      1.6387873249285667,
      1.5265264747392795,
      1.4374227894236669,
      1.3547932861558616,
      1.2755063660919208,
      1.2008821991703393,
      1.128377288198837,
      1.0583301721631413,
      0.9922255731147268,
      0.9342464013477726,
      0.8711848020401147,
      0.8056311231592427,
      0.7339755607306805,
      0.6646558437734613
    ],
    "train_acc": [
      10,
      11,
      16,
      27,
      34,
      40,
      44,
      48,
      51,
      54,
      57,
      59,
      62,
      65,
      67,
      69,
      71,
      74,
      76
    ],
    "test_loss": [
      2.302201509475708,
      2.298949718475342,
      2.067732095718384,
      1.8788522481918335,
      1.6910244226455688,
      1.5410643815994263,
      1.4524990320205688,
      1.3800362348556519,
      1.3038299083709717,
      1.2534456253051758,
      1.2223906517028809,
      1.1706677675247192,
      1.1160117387771606,
      1.0994877815246582,
      1.1026304960250854,
      1.0818299055099487,
      1.107909917831421,
      1.1157532930374146,
      1.1517300605773926
    ],
    "test_acc": [
      10,
      14,
      25,
      29,
      38,
      44,
      47,
      50,
      52,
      54,
      56,
      58,
      60,
      61,
      61,
      63,
      63,
      63,
      63
    ]
  }
}