{
  "config": {
    "run_name": "exp1_1_K64_L6",
    "out_dir": "./results",
    "seed": 2057809366,
    "bs_train": 128,
    "bs_test": 32,
    "batches": 100,
    "epochs": 100,
    "early_stopping": 3,
    "checkpoints": null,
    "lr": 0.0015,
    "reg": 0.0002,
    "filters_per_layer": [
      64
    ],
    "layers_per_block": 6,
    "pool_every": 2,
    "hidden_dims": [
      256
    ],
    "ycn": false,
    "kw": {}
  },
  "results": {
    "num_epochs": 4,
    "train_loss": [
      2.3029045320837698,
      2.3025539098188395,
      2.3023761824878584,
      2.3021703290817377
    ],
    "train_acc": [
      10,
      10,
      10,
      11
    ],
    "test_loss": [
      2.3026010990142822,
      2.3023910522460938,
      2.302215576171875,
      2.3019323348999023
    ],
    "test_acc": [
      10,
      10,
      10,
      10
    ]
  }
}