{
  "config": {
    "run_name": "exp1_4_K32_L2",
    "out_dir": "./results",
    "seed": 547589634,
    "bs_train": 128,
    "bs_test": 32,
    "batches": 100,
    "epochs": 100,
    "early_stopping": 3,
    "checkpoints": null,
    "lr": 0.001,
    "reg": 0.001,
    "filters_per_layer": [
      32
    ],
    "layers_per_block": 4,
    "pool_every": 2,
    "hidden_dims": [
      100
    ],
    "ycn": false,
    "kw": {}
  },
  "results": {
    "num_epochs": 25,
    "train_loss": [
      2.3038567972183226,
      2.3023417091369627,
      2.3009112453460694,
      2.292599096298218,
      2.199865293502808,
      2.0064040994644166,
      1.9201853632926942,
      1.840274555683136,
      1.7558554601669312,
      1.6909291958808899,
      1.644446828365326,
      1.609486198425293,
      1.5614713883399964,
      1.5214775156974794,
      1.485026924610138,
      1.4437290811538697,
      1.4076588869094848,
      1.36832941532135,
      1.3397178292274474,
      1.3150233364105224,
      1.2828143072128295,
      1.2661394476890564,
      1.2388247299194335,
      1.2188480281829834,
      1.1910573148727417
    ],
    "train_acc": [
      10,
      11,
      12,
      10,
      17,
      27,
      30,
      34,
      37,
      39,
      41,
      42,
      44,
      45,
      47,
      48,
      49,
      51,
      52,
      53,
      54,
      55,
      56,
      56,
      58
    ],
    "test_loss": [
      2.3028066158294678,
      2.301729440689087,
      2.2990386486053467,
      2.276862144470215,
      2.0624687671661377,
      1.948044776916504,
      1.8534897565841675,
      1.7436354160308838,
      1.6839021444320679,
      1.6379979848861694,
      1.6062310934066772,
      1.5598106384277344,
      1.5174063444137573,
      1.4785748720169067,
      1.4434574842453003,
      1.4255752563476562,
      1.3752399682998657,
      1.3442867994308472,
      1.3203222751617432,
      1.301604986190796,
      1.2999423742294312,
      1.2661566734313965,
      1.2548893690109253,
      1.2518751621246338,
      1.258865237236023
    ],
    "test_acc": [
      10,
      13,
      14,
      10,
      26,
      29,
      33,
      37,
      40,
      41,
      42,
      44,
      45,
      47,
      48,
      49,
      50,
      51,
      52,
      53,
      53,
      55,
      55,
      55,
      55
    ]
  }
}