{
  "config": {
    "run_name": "exp1_1_K32_L6",
    "out_dir": "./results",
    "seed": 1590710478,
    "bs_train": 128,
    "bs_test": 32,
    "batches": 100,
    "epochs": 100,
    "early_stopping": 3,
    "checkpoints": null,
    "lr": 0.0015,
    "reg": 0.0002,
    "filters_per_layer": [
      32
    ],
    "layers_per_block": 6,
    "pool_every": 2,
    "hidden_dims": [
      256
    ],
    "ycn": false,
    "kw": {}
  },
  "results": {
    "num_epochs": 4,
    "train_loss": [
      2.3031630772154044,
      2.30272749378858,
      2.302623632313955,
      2.3025865664567484
    ],
    "train_acc": [
      10,
      10,
      10,
      10
    ],
    "test_loss": [
      2.3027679920196533,
      2.302586078643799,
      2.3025388717651367,
      2.302507162094116
    ],
    "test_acc": [
      10,
      10,
      10,
      10
    ]
  }
}