{
  "config": {
    "run_name": "exp1_1_K32_L4",
    "out_dir": "./results",
    "seed": 979494791,
    "bs_train": 128,
    "bs_test": 32,
    "batches": 100,
    "epochs": 100,
    "early_stopping": 3,
    "checkpoints": null,
    "lr": 0.0015,
    "reg": 0.0002,
    "filters_per_layer": [
      32
    ],
    "layers_per_block": 4,
    "pool_every": 2,
    "hidden_dims": [
      256
    ],
    "ycn": false,
    "kw": {}
  },
  "results": {
    "num_epochs": 25,
    "train_loss": [
      2.3024499215128476,
      2.2972868629123853,
      2.1822472411348386,
      1.923670641601543,
      1.7585298444913782,
      1.6495794490780062,
      1.5753127961512416,
      1.5169250891946466,
      1.463891289728072,
      1.4137952751515772,
      1.3673078169298294,
      1.3222395611541045,
      1.2784667024222176,
      1.23754354450099,
      1.1951173234473713,
      1.1537060620229873,
      1.1104739677265782,
      1.0678857542059916,
      1.026830520318902,
      0.9866115400553359,
      0.9501084023729309,
      0.910243524005041,
      0.8705905378627046,
      0.8320144430145888,
      0.7975868687910193
    ],
    "train_acc": [
      11,
      12,
      19,
      31,
      37,
      41,
      43,
      45,
      47,
      49,
      51,
      53,
      54,
      56,
      57,
      59,
      60,
      62,
      63,
      65,
      66,
      68,
      69,
      71,
      72
    ],
    "test_loss": [
      2.3012444972991943,
      2.2860989570617676,
      2.0078742504119873,
      1.8599847555160522,
      1.7120131254196167,
      1.6141552925109863,
      1.5350165367126465,
      1.4877296686172485,
      1.4462077617645264,
      1.411813735961914,
      1.3802666664123535,
      1.370499610900879,
      1.3519513607025146,
      1.31770920753479,
      1.2841060161590576,
      1.2525330781936646,
      1.202013373374939,
      1.1775262355804443,
      1.1626473665237427,
      1.1548361778259277,
      1.1305862665176392,
      1.1326196193695068,
      1.1416608095169067,
      1.1563894748687744,
      1.1512597799301147
    ],
    "test_acc": [
      10,
      10,
      28,
      33,
      38,
      42,
      45,
      47,
      47,
      49,
      51,
      51,
      52,
      53,
      54,
      55,
      57,
      58,
      59,
      59,
      60,
      61,
      61,
      61,
      61
    ]
  }
}