{
  "config": {
    "run_name": "exp1_2_L4_K128",
    "out_dir": "./results",
    "seed": 1993568402,
    "bs_train": 128,
    "bs_test": 32,
    "batches": 100,
    "epochs": 100,
    "early_stopping": 3,
    "checkpoints": null,
    "lr": 0.0015,
    "reg": 0.0002,
    "filters_per_layer": [
      128
    ],
    "layers_per_block": 4,
    "pool_every": 2,
    "hidden_dims": [
      256
    ],
    "ycn": false,
    "kw": {}
  },
  "results": {
    "num_epochs": 22,
    "train_loss": [
      2.3018486469298067,
      2.2642183218465743,
      1.969138643930635,
      1.8070569913405592,
      1.685337406899923,
      1.5696015693342593,
      1.473166784057227,
      1.3987196964376114,
      1.3397704561043273,
      1.285579553040702,
      1.2344028910102747,
      1.1848943713680862,
      1.135296829063874,
      1.0861789710686336,
      1.0373755271172584,
      0.98773262842232,
      0.9411277816728558,
      0.8945599556579005,
      0.84460575272665,
      0.7929726503694149,
      0.7443607865696977,
      0.7003122107757022
    ],
    "train_acc": [
      10,
      16,
      29,
      35,
      40,
      44,
      47,
      50,
      52,
      54,
      56,
      57,
      59,
      61,
      63,
      65,
      67,
      68,
      70,
      72,
      74,
      75
    ],
    "test_loss": [
      2.2993881702423096,
      2.119433641433716,
      1.8829612731933594,
      1.749535322189331,
      1.633460283279419,
      1.5098180770874023,
      1.4225568771362305,
      1.3893200159072876,
      1.367539405822754,
      1.3606065511703491,
      1.3297054767608643,
      1.2783814668655396,
      1.2367922067642212,
      1.174558162689209,
      1.1300675868988037,
      1.093058705329895,
      1.0888806581497192,
      1.0607962608337402,
      1.0571848154067993,
      1.0731276273727417,
      1.0794926881790161,
      1.1028958559036255
    ],
    "test_acc": [
      17,
      25,
      33,
      38,
      42,
      45,
      48,
      50,
      51,
      52,
      53,
      54,
      56,
      58,
      59,
      61,
      61,
      62,
      63,
      63,
      63,
      63
    ]
  }
}