{
  "config": {
    "run_name": "exp1_2_L2_K256",
    "out_dir": "./results",
    "seed": 1998274033,
    "bs_train": 128,
    "bs_test": 32,
    "batches": 100,
    "epochs": 100,
    "early_stopping": 3,
    "checkpoints": null,
    "lr": 0.0015,
    "reg": 0.0002,
    "filters_per_layer": [
      256
    ],
    "layers_per_block": 2,
    "pool_every": 2,
    "hidden_dims": [
      256
    ],
    "ycn": false,
    "kw": {}
  },
  "results": {
    "num_epochs": 20,
    "train_loss": [
      2.005312288203813,
      1.7069946326258238,
      1.5325343892397478,
      1.4071754887890633,
      1.3126145092117818,
      1.2325134134048696,
      1.164198184714598,
      1.103631276608733,
      1.0459547492549242,
      0.9909232970698715,
      0.9379607841486821,
      0.8871808081026882,
      0.8377365672679813,
      0.7887811549484273,
      0.7410040662416717,
      0.6937802420247852,
      0.6469575826011961,
      0.6006048741700399,
      0.5538296029543328,
      0.5075471547558484
    ],
    "train_acc": [
      28,
      39,
      45,
      50,
      53,
      56,
      59,
      61,
      63,
      65,
      67,
      69,
      71,
      72,
      74,
      76,
      78,
      79,
      81,
      83
    ],
    "test_loss": [
      1.8042032718658447,
      1.58897864818573,
      1.442791223526001,
      1.3557679653167725,
      1.2927464246749878,
      1.2362736463546753,
      1.1882765293121338,
      1.1420979499816895,
      1.1021168231964111,
      1.0647754669189453,
      1.0361071825027466,
      1.0083489418029785,
      0.986146092414856,
      0.9697275161743164,
      0.959399402141571,
      0.9556849598884583,
      0.9600452780723572,
      0.9702860116958618,
      0.987299919128418,
      1.0092748403549194
    ],
    "test_acc": [
      37,
      44,
      48,
      51,
      54,
      56,
      58,
      59,
      61,
      63,
      64,
      64,
      65,
      66,
      66,
      66,
      67,
      67,
      67,
      67
    ]
  }
}