{
  "config": {
    "run_name": "exp1_1_K32_L2",
    "out_dir": "./results",
    "seed": 896302295,
    "bs_train": 128,
    "bs_test": 32,
    "batches": 100,
    "epochs": 100,
    "early_stopping": 3,
    "checkpoints": null,
    "lr": 0.0015,
    "reg": 0.0002,
    "filters_per_layer": [
      32
    ],
    "layers_per_block": 2,
    "pool_every": 2,
    "hidden_dims": [
      256
    ],
    "ycn": false,
    "kw": {}
  },
  "results": {
    "num_epochs": 23,
    "train_loss": [
      2.1919445900051184,
      1.8824103713950233,
      1.7415114900340205,
      1.6151062164770063,
      1.5122296544901854,
      1.4359115340825541,
      1.3751638886873678,
      1.3216629711258443,
      1.2689914922884968,
      1.2176530522763576,
      1.1693910439605908,
      1.125190953616901,
      1.0831652285192934,
      1.042585194263312,
      1.0030458229582022,
      0.9626885768397689,
      0.9234589143177433,
      0.8834893473273958,
      0.8438206308942926,
      0.8038786706107351,
      0.7643333005783198,
      0.7243118100916334,
      0.6836961415570105
    ],
    "train_acc": [
      19,
      33,
      38,
      42,
      46,
      48,
      51,
      53,
      55,
      57,
      58,
      60,
      61,
      63,
      64,
      66,
      67,
      69,
      70,
      72,
      74,
      75,
      77
    ],
    "test_loss": [
      1.9679428339004517,
      1.7971795797348022,
      1.6665557622909546,
      1.5498838424682617,
      1.4613085985183716,
      1.3985772132873535,
      1.350570559501648,
      1.3048707246780396,
      1.2598199844360352,
      1.2248365879058838,
      1.1956284046173096,
      1.1690653562545776,
      1.1474459171295166,
      1.1254833936691284,
      1.1050890684127808,
      1.0921036005020142,
      1.0803866386413574,
      1.075378656387329,
      1.0719881057739258,
      1.0741671323776245,
      1.0782814025878906,
      1.0841944217681885,
      1.0894789695739746
    ],
    "test_acc": [
      30,
      36,
      41,
      45,
      48,
      50,
      51,
      53,
      55,
      56,
      57,
      58,
      59,
      60,
      61,
      61,
      62,
      62,
      62,
      63,
      63,
      63,
      63
    ]
  }
}