{
  "config": {
    "run_name": "exp2_MNIST_UNIF_CONVVAR_R1000",
    "out_dir": "./results",
    "seed": 1951027429,
    "bs_train": 128,
    "bs_test": 32,
    "batches": 100,
    "epochs": 100,
    "early_stopping": 5,
    "checkpoints": null,
    "lr": 0.0015,
    "reg": 0.0002,
    "filters_per_layer": 0,
    "layers_per_block": 0,
    "pool_every": 0,
    "hidden_dims": 0,
    "ycn": "LeNet5ConvVarianceUnif",
    "dataset": "MNIST",
    "kw": {
      "rounding": 1000
    }
  },
  "results": {
    "num_epochs": 17,
    "train_loss": [
      0.32813622623380184,
      0.15681760470225994,
      0.11295212790179354,
      0.09397748357523034,
      0.08299940019282007,
      0.07593386792845881,
      0.06866471753962068,
      0.06088608508504657,
      0.05840975369241382,
      0.0516171622028483,
      0.043492358163007096,
      0.052883061096826785,
      0.0439287072617505,
      0.04154471838588654,
      0.03572159525511393,
      0.03380884590254886,
      0.03364486032243032
    ],
    "train_acc": [
      89,
      94,
      96,
      96,
      97,
      97,
      97,
      97,
      98,
      98,
      98,
      98,
      98,
      98,
      98,
      98,
      98
    ],
    "test_loss": [
      0.3465759754180908,
      0.21238724887371063,
      0.2115270495414734,
      0.1992788016796112,
      0.19079048931598663,
      0.19600661098957062,
      0.20617324113845825,
      0.1603160947561264,
      0.20394663512706757,
      0.16238142549991608,
      0.15486519038677216,
      0.13293573260307312,
      0.17012567818164825,
      0.17851325869560242,
      0.15086349844932556,
      0.16864776611328125,
      0.2141132950782776
    ],
    "test_acc": [
      89,
      93,
      93,
      93,
      94,
      94,
      94,
      95,
      94,
      95,
      95,
      96,
      95,
      95,
      95,
      95,
      94
    ]
  }
}