{
  "config": {
    "run_name": "exp2_L1_K64-128-256-512",
    "out_dir": "./results",
    "seed": 1762437019,
    "bs_train": 128,
    "bs_test": 32,
    "batches": 100,
    "epochs": 100,
    "early_stopping": 3,
    "checkpoints": null,
    "lr": 0.0003,
    "reg": 0.0002,
    "filters_per_layer": [
      64,
      128,
      256
    ],
    "layers_per_block": 1,
    "pool_every": 2,
    "hidden_dims": [
      256
    ],
    "ycn": true,
    "kw": {}
  },
  "results": {
    "num_epochs": 13,
    "train_loss": [
      1.674938844902741,
      1.3288153178246735,
      1.1820266629423937,
      1.0799449095335762,
      0.9969882481848188,
      0.9286425859117142,
      0.8751244637972254,
      0.8275214958068965,
      0.7836713682660057,
      0.7438757768677323,
      0.7057820255189295,
      0.6693720635398269,
      0.6344759196729002
    ],
    "train_acc": [
      40,
      52,
      58,
      62,
      65,
      67,
      69,
      71,
      73,
      74,
      76,
      77,
      78
    ],
    "test_loss": [
      1.3605451583862305,
      1.1922593116760254,
      1.0948206186294556,
      1.0252619981765747,
      0.9819085001945496,
      0.9398485422134399,
      0.9149973392486572,
      0.8998820185661316,
      0.8824427723884583,
      0.8646727800369263,
      0.8551124930381775,
      0.8430885672569275,
      0.8372557759284973
    ],
    "test_acc": [
      52,
      58,
      61,
      64,
      66,
      67,
      68,
      68,
      69,
      70,
      70,
      70,
      70
    ]
  }
}