{
  "config": {
    "run_name": "exp2_MNIST_UNIF_CONVVAR_R2",
    "out_dir": "./results",
    "seed": 1679268856,
    "bs_train": 128,
    "bs_test": 32,
    "batches": 100,
    "epochs": 100,
    "early_stopping": 5,
    "checkpoints": null,
    "lr": 0.0015,
    "reg": 0.0002,
    "filters_per_layer": 0,
    "layers_per_block": 0,
    "pool_every": 0,
    "hidden_dims": 0,
    "ycn": "LeNet5ConvVarianceUnif",
    "dataset": "MNIST",
    "kw": {
      "rounding": 2
    }
  },
  "results": {
    "num_epochs": 15,
    "train_loss": [
      0.31455632303553477,
      0.1405878438513035,
      0.11080531774362776,
      0.09523922295919232,
      0.08758308029552894,
      0.07300314615006005,
      0.06616506172316287,
      0.061665579619041004,
      0.05713181192182434,
      0.05279512122583224,
      0.048409399836620036,
      0.04433303123919853,
      0.042393059156009,
      0.040778856683792525,
      0.039756104022439225
    ],
    "train_acc": [
      89,
      95,
      96,
      96,
      97,
      97,
      97,
      97,
      98,
      98,
      98,
      98,
      98,
      98,
      98
    ],
    "test_loss": [
      0.2849280834197998,
      0.22655943036079407,
      0.2511917054653168,
      0.23863136768341064,
      0.1670628935098648,
      0.20778115093708038,
      0.1395813673734665,
      0.2186557799577713,
      0.17973081767559052,
      0.13244575262069702,
      0.19055265188217163,
      0.15423709154129028,
      0.1889183670282364,
      0.25144273042678833,
      0.24201349914073944
    ],
    "test_acc": [
      91,
      93,
      92,
      92,
      94,
      93,
      95,
      93,
      95,
      96,
      94,
      95,
      95,
      93,
      93
    ]
  }
}