{
  "config": {
    "run_name": "exp2_L4_K64-128-256-512",
    "out_dir": "./results",
    "seed": 258617223,
    "bs_train": 128,
    "bs_test": 32,
    "batches": 100,
    "epochs": 100,
    "early_stopping": 3,
    "checkpoints": null,
    "lr": 0.0003,
    "reg": 0.0002,
    "filters_per_layer": [
      64,
      128,
      256
    ],
    "layers_per_block": 4,
    "pool_every": 3,
    "hidden_dims": [
      256
    ],
    "ycn": true,
    "kw": {}
  },
  "results": {
    "num_epochs": 12,
    "train_loss": [
      1.896587235238546,
      1.3934375270248374,
      1.143370829274892,
      0.9767791374260203,
      0.8511462609481324,
      0.749465472710407,
      0.6560058112034712,
      0.5800389223696326,
      0.5088946422195191,
      0.4474433511114486,
      0.39503003809305715,
      0.3478248498933699
    ],
    "train_acc": [
      30,
      49,
      59,
      65,
      70,
      74,
      77,
      80,
      82,
      84,
      86,
      88
    ],
    "test_loss": [
      1.5060360431671143,
      1.1920101642608643,
      1.0281795263290405,
      0.9561554789543152,
      0.8598835468292236,
      0.8254468441009521,
      0.8168713450431824,
      0.8155901432037354,
      0.8142173886299133,
      0.834545373916626,
      0.8442559242248535,
      0.8656708598136902
    ],
    "test_acc": [
      45,
      57,
      62,
      65,
      69,
      71,
      71,
      72,
      73,
      73,
      72,
      73
    ]
  }
}