{
  "config": {
    "run_name": "exp2_L2_K64-128-256-512",
    "out_dir": "./results",
    "seed": 2050107075,
    "bs_train": 128,
    "bs_test": 32,
    "batches": 100,
    "epochs": 100,
    "early_stopping": 3,
    "checkpoints": null,
    "lr": 0.0003,
    "reg": 0.0002,
    "filters_per_layer": [
      64,
      128,
      256
    ],
    "layers_per_block": 2,
    "pool_every": 2,
    "hidden_dims": [
      256
    ],
    "ycn": true,
    "kw": {}
  },
  "results": {
    "num_epochs": 16,
    "train_loss": [
      1.767096630447661,
      1.3113085366880801,
      1.1107707514482386,
      0.9836878529594987,
      0.8950382150957347,
      0.8221374272995288,
      0.7580984680701399,
      0.7046517660398313,
      0.655959712574854,
      0.6084771522170748,
      0.5676550582394271,
      0.5241835879547821,
      0.4815917411423705,
      0.44621067316940677,
      0.4138273866966252,
      0.37933095744656176
    ],
    "train_acc": [
      36,
      52,
      60,
      65,
      68,
      71,
      73,
      75,
      77,
      78,
      80,
      82,
      83,
      84,
      86,
      87
    ],
    "test_loss": [
      1.3800820112228394,
      1.1407831907272339,
      1.000386118888855,
      0.9167466759681702,
      0.8589410185813904,
      0.8124880790710449,
      0.7792843580245972,
      0.7507978081703186,
      0.7272902727127075,
      0.7076014876365662,
      0.6983222961425781,
      0.697830080986023,
      0.6790772676467896,
      0.6906461715698242,
      0.6989034414291382,
      0.7053669095039368
    ],
    "test_acc": [
      50,
      59,
      64,
      67,
      69,
      71,
      72,
      73,
      74,
      75,
      75,
      75,
      76,
      76,
      76,
      76
    ]
  }
}