{
  "config": {
    "run_name": "exp2_L3_K64-128-256-512",
    "out_dir": "./results",
    "seed": 2024033903,
    "bs_train": 128,
    "bs_test": 32,
    "batches": 100,
    "epochs": 100,
    "early_stopping": 3,
    "checkpoints": null,
    "lr": 0.0003,
    "reg": 0.0002,
    "filters_per_layer": [
      64,
      128,
      256
    ],
    "layers_per_block": 3,
    "pool_every": 2,
    "hidden_dims": [
      256
    ],
    "ycn": true,
    "kw": {}
  },
  "results": {
    "num_epochs": 12,
    "train_loss": [
      1.9409187434579405,
      1.4696930598115068,
      1.2213547043788158,
      1.0447918649219796,
      0.9180944162561461,
      0.8178844415318326,
      0.7297977774649325,
      0.6573427183853696,
      0.5840021749134259,
      0.519122409851045,
      0.45639260353334726,
      0.40406129046169387
    ],
    "train_acc": [
      29,
      46,
      56,
      63,
      67,
      71,
      74,
      77,
      79,
      82,
      84,
      86
    ],
    "test_loss": [
      1.602566123008728,
      1.2819712162017822,
      1.0865249633789062,
      0.9757946729660034,
      0.8936686515808105,
      0.8310249447822571,
      0.8028551936149597,
      0.7864075899124146,
      0.7747347950935364,
      0.7786916494369507,
      0.7951831817626953,
      0.7957941293716431
    ],
    "test_acc": [
      44,
      54,
      61,
      65,
      68,
      70,
      72,
      72,
      73,
      73,
      73,
      73
    ]
  }
}