{
  "config": {
    "run_name": "exp2_MNIST_UNIF_CONVVAR_R1",
    "out_dir": "./results",
    "seed": 146246781,
    "bs_train": 128,
    "bs_test": 32,
    "batches": 100,
    "epochs": 100,
    "early_stopping": 5,
    "checkpoints": null,
    "lr": 0.0015,
    "reg": 0.0002,
    "filters_per_layer": 0,
    "layers_per_block": 0,
    "pool_every": 0,
    "hidden_dims": 0,
    "ycn": "LeNet5ConvVarianceUnif",
    "dataset": "MNIST",
    "kw": {
      "rounding": 1
    }
  },
  "results": {
    "num_epochs": 8,
    "train_loss": [
      2.3013694276179333,
      2.301259348895758,
      2.301259219773543,
      2.301259281284519,
      2.3012593824472,
      2.301259313310896,
      2.3012594688675807,
      2.3012594434498217
    ],
    "train_acc": [
      11,
      11,
      11,
      11,
      11,
      11,
      11,
      11
    ],
    "test_loss": [
      2.639904499053955,
      2.8723695278167725,
      3.2181050777435303,
      2.89969801902771,
      2.832977056503296,
      2.7396042346954346,
      2.8462231159210205,
      2.8725695610046387
    ],
    "test_acc": [
      10,
      9,
      11,
      11,
      10,
      11,
      11,
      11
    ]
  }
}