{
  "config": {
    "run_name": "exp2_MNIST_UNIF_CONVVAR_R0",
    "out_dir": "./results",
    "seed": 921548353,
    "bs_train": 128,
    "bs_test": 32,
    "batches": 100,
    "epochs": 100,
    "early_stopping": 5,
    "checkpoints": null,
    "lr": 0.0015,
    "reg": 0.0002,
    "filters_per_layer": 0,
    "layers_per_block": 0,
    "pool_every": 0,
    "hidden_dims": 0,
    "ycn": "LeNet5ConvVarianceUnif",
    "dataset": "MNIST",
    "kw": {
      "rounding": 0
    }
  },
  "results": {
    "num_epochs": 11,
    "train_loss": [
      0.3395409878851699,
      0.1430903209774479,
      0.11185516633871775,
      0.09775558574351548,
      0.07870951392598498,
      0.07312504245615653,
      0.06637272586438384,
      0.06684237724936593,
      0.0551877290205057,
      0.057716423008185844,
      0.055659598316441274
    ],
    "train_acc": [
      89,
      95,
      96,
      96,
      97,
      97,
      97,
      97,
      98,
      98,
      98
    ],
    "test_loss": [
      0.37607693672180176,
      0.21587666869163513,
      0.20215073227882385,
      0.18116828799247742,
      0.1806737184524536,
      0.159087136387825,
      0.1523124724626541,
      0.16084024310112,
      0.19644059240818024,
      0.19098469614982605,
      0.20186154544353485
    ],
    "test_acc": [
      88,
      93,
      93,
      94,
      94,
      95,
      95,
      94,
      94,
      94,
      94
    ]
  }
}