{
  "config": {
    "run_name": "exp2_MNIST_UNIF_CONVVAR_R100",
    "out_dir": "./results",
    "seed": 1909526852,
    "bs_train": 128,
    "bs_test": 32,
    "batches": 100,
    "epochs": 100,
    "early_stopping": 5,
    "checkpoints": null,
    "lr": 0.0015,
    "reg": 0.0002,
    "filters_per_layer": 0,
    "layers_per_block": 0,
    "pool_every": 0,
    "hidden_dims": 0,
    "ycn": "LeNet5ConvVarianceUnif",
    "dataset": "MNIST",
    "kw": {
      "rounding": 100
    }
  },
  "results": {
    "num_epochs": 8,
    "train_loss": [
      0.33840911690074243,
      0.14833693226565048,
      0.11663775660717157,
      0.09278552138856225,
      0.08395705536119084,
      0.07106309088626142,
      0.0640702373219102,
      0.0619933159688293
    ],
    "train_acc": [
      89,
      95,
      96,
      96,
      97,
      97,
      97,
      97
    ],
    "test_loss": [
      0.2733948230743408,
      0.2347722053527832,
      0.1970449686050415,
      0.25939691066741943,
      0.19447985291481018,
      0.21954913437366486,
      0.19264833629131317,
      0.17833809554576874
    ],
    "test_acc": [
      91,
      92,
      94,
      91,
      94,
      93,
      94,
      94
    ]
  }
}