{
  "config": {
    "run_name": "exp3_MNIST_NORM_LINEARVAR_R1000",
    "out_dir": "./results",
    "seed": 125357145,
    "bs_train": 128,
    "bs_test": 32,
    "batches": 100,
    "epochs": 100,
    "early_stopping": 5,
    "checkpoints": null,
    "lr": 0.0015,
    "reg": 0.0002,
    "filters_per_layer": 0,
    "layers_per_block": 0,
    "pool_every": 0,
    "hidden_dims": 0,
    "ycn": "LeNet5FCVariance",
    "dataset": "MNIST",
    "kw": {
      "rounding": 1000
    }
  },
  "results": {
    "num_epochs": 7,
    "train_loss": [
      0.33744788366451317,
      0.08208324836054717,
      0.06201774173819307,
      0.05424648461573477,
      0.04864456953167089,
      0.0443846535231513,
      0.04226982781290214
    ],
    "train_acc": [
      91,
      97,
      98,
      98,
      98,
      98,
      98
    ],
    "test_loss": [
      0.08550279587507248,
      0.058071110397577286,
      0.049608007073402405,
      0.05120135471224785,
      0.046948887407779694,
      0.04274529591202736,
      0.048236653208732605
    ],
    "test_acc": [
      97,
      98,
      98,
      98,
      98,
      98,
      98
    ]
  }
}