{
  "config": {
    "run_name": "exp3_MNIST_NORM_LINEARVAR_R1",
    "out_dir": "./results",
    "seed": 571769992,
    "bs_train": 128,
    "bs_test": 32,
    "batches": 100,
    "epochs": 100,
    "early_stopping": 5,
    "checkpoints": null,
    "lr": 0.0015,
    "reg": 0.0002,
    "filters_per_layer": 0,
    "layers_per_block": 0,
    "pool_every": 0,
    "hidden_dims": 0,
    "ycn": "LeNet5FCVariance",
    "dataset": "MNIST",
    "kw": {
      "rounding": 1
    }
  },
  "results": {
    "num_epochs": 7,
    "train_loss": [
      0.3693601888006748,
      0.08975402669294048,
      0.07205079675419752,
      0.06009360619072022,
      0.055274553348753114,
      0.04780289389566381,
      0.0458785220782068
    ],
    "train_acc": [
      91,
      97,
      97,
      98,
      98,
      98,
      98
    ],
    "test_loss": [
      0.10482735186815262,
      0.06511671096086502,
      0.05875923112034798,
      0.05478639528155327,
      0.05078761279582977,
      0.05169343575835228,
      0.04565785825252533
    ],
    "test_acc": [
      97,
      98,
      98,
      98,
      98,
      98,
      98
    ]
  }
}