{
  "config": {
    "run_name": "exp3_MNIST_NORM_LINEARVAR_R100",
    "out_dir": "./results",
    "seed": 723991170,
    "bs_train": 128,
    "bs_test": 32,
    "batches": 100,
    "epochs": 100,
    "early_stopping": 5,
    "checkpoints": null,
    "lr": 0.0015,
    "reg": 0.0002,
    "filters_per_layer": 0,
    "layers_per_block": 0,
    "pool_every": 0,
    "hidden_dims": 0,
    "ycn": "LeNet5FCVariance",
    "dataset": "MNIST",
    "kw": {
      "rounding": 100
    }
  },
  "results": {
    "num_epochs": 7,
    "train_loss": [
      0.34253595550574345,
      0.083102244931434,
      0.06186016280847445,
      0.05349314501926081,
      0.04562047733538059,
      0.04251558332443873,
      0.04010647334563516
    ],
    "train_acc": [
      91,
      97,
      98,
      98,
      98,
      98,
      98
    ],
    "test_loss": [
      0.09122668951749802,
      0.05840049684047699,
      0.050822075456380844,
      0.046186789870262146,
      0.048218775540590286,
      0.04583818092942238,
      0.047050394117832184
    ],
    "test_acc": [
      97,
      98,
      98,
      98,
      98,
      98,
      98
    ]
  }
}