{
  "config": {
    "run_name": "exp3_MNIST_NORM_LINEARVAR_R2",
    "out_dir": "./results",
    "seed": 1662893862,
    "bs_train": 128,
    "bs_test": 32,
    "batches": 100,
    "epochs": 100,
    "early_stopping": 5,
    "checkpoints": null,
    "lr": 0.0015,
    "reg": 0.0002,
    "filters_per_layer": 0,
    "layers_per_block": 0,
    "pool_every": 0,
    "hidden_dims": 0,
    "ycn": "LeNet5FCVariance",
    "dataset": "MNIST",
    "kw": {
      "rounding": 2
    }
  },
  "results": {
    "num_epochs": 7,
    "train_loss": [
      0.3490836444709982,
      0.08269761238636365,
      0.06597679096665274,
      0.05614875969705361,
      0.050089032496454744,
      0.04483298843365107,
      0.04316875442806909
    ],
    "train_acc": [
      91,
      97,
      98,
      98,
      98,
      98,
      98
    ],
    "test_loss": [
      0.08666323870420456,
      0.06096888706088066,
      0.058872856199741364,
      0.04914267361164093,
      0.04714525118470192,
      0.05243078991770744,
      0.04773266613483429
    ],
    "test_acc": [
      97,
      98,
      98,
      98,
      98,
      98,
      98
    ]
  }
}