{
  "config": {
    "run_name": "exp4_MNIST_UNIF_LINEARVAR_R1000",
    "out_dir": "./results",
    "seed": 474224453,
    "bs_train": 128,
    "bs_test": 32,
    "batches": 100,
    "epochs": 100,
    "early_stopping": 5,
    "checkpoints": null,
    "lr": 0.0015,
    "reg": 0.0002,
    "filters_per_layer": 0,
    "layers_per_block": 0,
    "pool_every": 0,
    "hidden_dims": 0,
    "ycn": "LeNet5FCVarianceUnif",
    "dataset": "MNIST",
    "kw": {
      "rounding": 1000
    }
  },
  "results": {
    "num_epochs": 14,
    "train_loss": [
      1.99501247052699,
      0.7807291809366201,
      0.4135449872469343,
      0.31265623124836606,
      0.27420999969183,
      0.24958576508231764,
      0.23172613288134908,
      0.21257622760019576,
      0.2112117371698623,
      0.19964826608628733,
      0.18921327279177683,
      0.1893115134190903,
      0.18346930072426415,
      0.17747989785410703
    ],
    "train_acc": [
      30,
      78,
      88,
      90,
      91,
      92,
      93,
      93,
      93,
      93,
      94,
      94,
      94,
      94
    ],
    "test_loss": [
      1.3562983274459839,
      0.7245160341262817,
      0.5190111994743347,
      0.4758504033088684,
      0.4122222661972046,
      0.42552077770233154,
      0.3877630829811096,
      0.3909558653831482,
      0.369125097990036,
      0.41006171703338623,
      0.37877967953681946,
      0.4077766239643097,
      0.39826861023902893,
      0.3554050922393799
    ],
    "test_acc": [
      52,
      76,
      83,
      85,
      87,
      86,
      87,
      88,
      89,
      88,
      89,
      87,
      88,
      89
    ]
  }
}