{
  "config": {
    "run_name": "exp4_MNIST_UNIF_LINEARVAR_R2",
    "out_dir": "./results",
    "seed": 595363926,
    "bs_train": 128,
    "bs_test": 32,
    "batches": 100,
    "epochs": 100,
    "early_stopping": 5,
    "checkpoints": null,
    "lr": 0.0015,
    "reg": 0.0002,
    "filters_per_layer": 0,
    "layers_per_block": 0,
    "pool_every": 0,
    "hidden_dims": 0,
    "ycn": "LeNet5FCVarianceUnif",
    "dataset": "MNIST",
    "kw": {
      "rounding": 2
    }
  },
  "results": {
    "num_epochs": 14,
    "train_loss": [
      2.0487231488929374,
      0.7845951013092293,
      0.41266479656132043,
      0.31911164849424667,
      0.2839892263700967,
      0.26093974792515673,
      0.24908731796784694,
      0.2417028543632676,
      0.22600758946272356,
      0.22319196945409786,
      0.21801607862416741,
      0.20682211970485476,
      0.21477236216272244,
      0.19917187814527293
    ],
    "train_acc": [
      27,
      77,
      88,
      90,
      91,
      92,
      92,
      92,
      93,
      93,
      93,
      93,
      93,
      93
    ],
    "test_loss": [
      1.4775809049606323,
      0.6299859285354614,
      0.5246465802192688,
      0.40410149097442627,
      0.4173485338687897,
      0.44017305970191956,
      0.42305660247802734,
      0.4488610029220581,
      0.39697304368019104,
      0.41217127442359924,
      0.4179498255252838,
      0.3789096176624298,
      0.36940351128578186,
      0.41590484976768494
    ],
    "test_acc": [
      48,
      79,
      82,
      86,
      86,
      86,
      86,
      86,
      88,
      87,
      87,
      88,
      88,
      87
    ]
  }
}