{
  "config": {
    "run_name": "exp4_MNIST_UNIF_LINEARVAR_R100",
    "out_dir": "./results",
    "seed": 1917088903,
    "bs_train": 128,
    "bs_test": 32,
    "batches": 100,
    "epochs": 100,
    "early_stopping": 5,
    "checkpoints": null,
    "lr": 0.0015,
    "reg": 0.0002,
    "filters_per_layer": 0,
    "layers_per_block": 0,
    "pool_every": 0,
    "hidden_dims": 0,
    "ycn": "LeNet5FCVarianceUnif",
    "dataset": "MNIST",
    "kw": {
      "rounding": 100
    }
  },
  "results": {
    "num_epochs": 13,
    "train_loss": [
      2.0975914019257274,
      0.8998813540505957,
      0.42334764984561435,
      0.31735789675765963,
      0.27455685085166237,
      0.24794651467853518,
      0.23627032868182862,
      0.22480414026994694,
      0.21705628688465048,
      0.21108509214527443,
      0.19615875802108093,
      0.19455874340731832,
      0.18913034130054623
    ],
    "train_acc": [
      24,
      74,
      88,
      90,
      92,
      92,
      92,
      93,
      93,
      93,
      94,
      94,
      94
    ],
    "test_loss": [
      1.6166467666625977,
      0.7360544204711914,
      0.5563305020332336,
      0.45474764704704285,
      0.422709196805954,
      0.45567232370376587,
      0.41729846596717834,
      0.37183061242103577,
      0.40226200222969055,
      0.3735120892524719,
      0.4900665581226349,
      0.3691771626472473,
      0.3786175549030304
    ],
    "test_acc": [
      44,
      75,
      82,
      85,
      86,
      86,
      87,
      88,
      87,
      88,
      85,
      88,
      88
    ]
  }
}