{
  "config": {
    "run_name": "exp4_MNIST_UNIF_LINEARVAR_R0",
    "out_dir": "./results",
    "seed": 783004179,
    "bs_train": 128,
    "bs_test": 32,
    "batches": 100,
    "epochs": 100,
    "early_stopping": 5,
    "checkpoints": null,
    "lr": 0.0015,
    "reg": 0.0002,
    "filters_per_layer": 0,
    "layers_per_block": 0,
    "pool_every": 0,
    "hidden_dims": 0,
    "ycn": "LeNet5FCVarianceUnif",
    "dataset": "MNIST",
    "kw": {
      "rounding": 0
    }
  },
  "results": {
    "num_epochs": 12,
    "train_loss": [
      2.085435059024835,
      0.9366218949685982,
      0.4570169920034246,
      0.3145270740537882,
      0.26822014818631257,
      0.2412506559335474,
      0.22581970616221936,
      0.21336662594570535,
      0.1957475049480764,
      0.1945392932258308,
      0.1857311057883984,
      0.1831113356532954
    ],
    "train_acc": [
      25,
      72,
      87,
      91,
      92,
      92,
      93,
      93,
      94,
      94,
      94,
      94
    ],
    "test_loss": [
      1.5724149942398071,
      0.8101688027381897,
      0.528984785079956,
      0.4748784303665161,
      0.41925930976867676,
      0.3851044774055481,
      0.3419138789176941,
      0.3620148003101349,
      0.33589792251586914,
      0.358102411031723,
      0.396511435508728,
      0.34522804617881775
    ],
    "test_acc": [
      45,
      72,
      82,
      84,
      86,
      88,
      89,
      88,
      89,
      88,
      88,
      89
    ]
  }
}