{
  "config": {
    "run_name": "exp5_CIFAR10_NORM_CONVVAR_R0",
    "out_dir": "./results",
    "seed": 2024014393,
    "bs_train": 128,
    "bs_test": 32,
    "batches": 100,
    "epochs": 100,
    "early_stopping": 5,
    "checkpoints": null,
    "lr": 0.0015,
    "reg": 0.0002,
    "filters_per_layer": 0,
    "layers_per_block": 0,
    "pool_every": 0,
    "hidden_dims": 0,
    "ycn": "LeNet5ConvVariance",
    "dataset": "CIFAR10",
    "kw": {
      "rounding": 0
    }
  },
  "results": {
    "num_epochs": 22,
    "train_loss": [
      1.7817069868297528,
      1.6166996766844064,
      1.5600655813656195,
      1.5218170960540967,
      1.4910819280482923,
      1.462742863713628,
      1.4458338580168117,
      1.4249093465487976,
      1.401802221832373,
      1.3871495620064114,
      1.3681649314168165,
      1.355636216795353,
      1.3406217043357127,
      1.3319802232410596,
      1.3163520512373552,
      1.3003093409721198,
      1.2905907255914204,
      1.2784575806249439,
      1.263307480860854,
      1.252403481537119,
      1.2435249160317814,
      1.2380083526491814
    ],
    "train_acc": [
      36,
      42,
      44,
      45,
      47,
      48,
      48,
      49,
      50,
      51,
      51,
      52,
      52,
      52,
      53,
      54,
      54,
      55,
      55,
      55,
      56,
      56
    ],
    "test_loss": [
      1.7813911437988281,
      1.7004131078720093,
      1.6071687936782837,
      1.5978715419769287,
      1.5722973346710205,
      1.5595425367355347,
      1.5357729196548462,
      1.5263389348983765,
      1.5029529333114624,
      1.5045595169067383,
      1.507861852645874,
      1.4993810653686523,
      1.488283634185791,
      1.5021909475326538,
      1.498734712600708,
      1.5291163921356201,
      1.4891467094421387,
      1.510730504989624,
      1.5018576383590698,
      1.4868921041488647,
      1.508678674697876,
      1.5054622888565063
    ],
    "test_acc": [
      36,
      39,
      42,
      43,
      44,
      45,
      46,
      47,
      47,
      47,
      47,
      47,
      48,
      47,
      48,
      47,
      49,
      48,
      48,
      48,
      48,
      48
    ]
  }
}