{
  "config": {
    "run_name": "exp5_CIFAR10_NORM_CONVVAR_R1000",
    "out_dir": "./results",
    "seed": 1461939243,
    "bs_train": 128,
    "bs_test": 32,
    "batches": 100,
    "epochs": 100,
    "early_stopping": 5,
    "checkpoints": null,
    "lr": 0.0015,
    "reg": 0.0002,
    "filters_per_layer": 0,
    "layers_per_block": 0,
    "pool_every": 0,
    "hidden_dims": 0,
    "ycn": "LeNet5ConvVariance",
    "dataset": "CIFAR10",
    "kw": {
      "rounding": 1000
    }
  },
  "results": {
    "num_epochs": 19,
    "train_loss": [
      1.7943086816221856,
      1.6213689521145638,
      1.5668844069971148,
      1.52807738805366,
      1.4949813123859104,
      1.4718647667818971,
      1.4488962925303623,
      1.429706197565474,
      1.4084652677521377,
      1.3913272948521178,
      1.3767500652376647,
      1.3607143953328242,
      1.3451404861172143,
      1.3301931205003157,
      1.3167914621665349,
      1.3068505992060122,
      1.2916959332078315,
      1.2823447454006165,
      1.2679416730885615
    ],
    "train_acc": [
      35,
      41,
      44,
      45,
      47,
      47,
      48,
      49,
      50,
      51,
      51,
      52,
      52,
      53,
      53,
      54,
      54,
      54,
      55
    ],
    "test_loss": [
      1.7134041786193848,
      1.6208033561706543,
      1.5938669443130493,
      1.5746406316757202,
      1.6059513092041016,
      1.5777631998062134,
      1.5578817129135132,
      1.5796122550964355,
      1.5396287441253662,
      1.5337852239608765,
      1.5339752435684204,
      1.5048844814300537,
      1.5056992769241333,
      1.4981961250305176,
      1.493902325630188,
      1.5240291357040405,
      1.5180678367614746,
      1.506751298904419,
      1.5018738508224487
    ],
    "test_acc": [
      38,
      42,
      43,
      44,
      43,
      44,
      45,
      44,
      46,
      46,
      46,
      47,
      47,
      48,
      48,
      47,
      47,
      47,
      47
    ]
  }
}