{
  "config": {
    "run_name": "exp5_CIFAR10_NORM_CONVVAR_R1",
    "out_dir": "./results",
    "seed": 363681710,
    "bs_train": 128,
    "bs_test": 32,
    "batches": 100,
    "epochs": 100,
    "early_stopping": 5,
    "checkpoints": null,
    "lr": 0.0015,
    "reg": 0.0002,
    "filters_per_layer": 0,
    "layers_per_block": 0,
    "pool_every": 0,
    "hidden_dims": 0,
    "ycn": "LeNet5ConvVariance",
    "dataset": "CIFAR10",
    "kw": {
      "rounding": 1
    }
  },
  "results": {
    "num_epochs": 18,
    "train_loss": [
      1.811747197299967,
      1.6456838446809812,
      1.5935909519415072,
      1.5586973285431143,
      1.531138444190745,
      1.505866908966123,
      1.4825505429826429,
      1.4668855420158953,
      1.4477882613916226,
      1.4343842883853961,
      1.4179073514231026,
      1.4033665495455419,
      1.3881043707928085,
      1.377129909632456,
      1.363390225278752,
      1.3550260820047324,
      1.3419010764192743,
      1.3315119173215784
    ],
    "train_acc": [
      35,
      41,
      43,
      44,
      45,
      46,
      47,
      48,
      48,
      49,
      49,
      50,
      51,
      51,
      52,
      52,
      52,
      53
    ],
    "test_loss": [
      1.7471308708190918,
      1.644152283668518,
      1.6407192945480347,
      1.5791229009628296,
      1.5636320114135742,
      1.5867960453033447,
      1.5601235628128052,
      1.547970175743103,
      1.5337198972702026,
      1.532252311706543,
      1.5470786094665527,
      1.5518798828125,
      1.5232211351394653,
      1.5870108604431152,
      1.536669373512268,
      1.52255380153656,
      1.5238447189331055,
      1.5235161781311035
    ],
    "test_acc": [
      37,
      41,
      41,
      44,
      45,
      44,
      45,
      45,
      46,
      46,
      46,
      46,
      47,
      46,
      46,
      47,
      47,
      47
    ]
  }
}