{
  "config": {
    "run_name": "exp5_CIFAR10_NORM_CONVVAR_R100",
    "out_dir": "./results",
    "seed": 1258576447,
    "bs_train": 128,
    "bs_test": 32,
    "batches": 100,
    "epochs": 100,
    "early_stopping": 5,
    "checkpoints": null,
    "lr": 0.0015,
    "reg": 0.0002,
    "filters_per_layer": 0,
    "layers_per_block": 0,
    "pool_every": 0,
    "hidden_dims": 0,
    "ycn": "LeNet5ConvVariance",
    "dataset": "CIFAR10",
    "kw": {
      "rounding": 100
    }
  },
  "results": {
    "num_epochs": 20,
    "train_loss": [
      1.7922630340546903,
      1.626034538764173,
      1.5690808244373486,
      1.5321613080666194,
      1.501898909468785,
      1.4735105519404497,
      1.451710513180784,
      1.429798507629453,
      1.4126709272794407,
      1.395719942229483,
      1.3741241589836453,
      1.3585392931843048,
      1.3456265030004788,
      1.333831184050616,
      1.315587314803277,
      1.3071597945659668,
      1.2955059313103365,
      1.2833439166588552,
      1.2698072847502921,
      1.2542013550353477
    ],
    "train_acc": [
      35,
      41,
      44,
      45,
      46,
      47,
      48,
      49,
      50,
      50,
      51,
      52,
      52,
      53,
      53,
      54,
      54,
      54,
      55,
      55
    ],
    "test_loss": [
      1.6845862865447998,
      1.6544454097747803,
      1.5992400646209717,
      1.6115152835845947,
      1.5658760070800781,
      1.5424498319625854,
      1.5260443687438965,
      1.560411810874939,
      1.5263876914978027,
      1.5149167776107788,
      1.514534592628479,
      1.5264889001846313,
      1.5164028406143188,
      1.5161552429199219,
      1.5159860849380493,
      1.5133082866668701,
      1.5101819038391113,
      1.5008399486541748,
      1.509436011314392,
      1.5057677030563354
    ],
    "test_acc": [
      39,
      41,
      43,
      43,
      44,
      46,
      46,
      45,
      46,
      47,
      47,
      47,
      47,
      47,
      48,
      47,
      47,
      47,
      47,
      48
    ]
  }
}