{
  "config": {
    "run_name": "exp5_CIFAR10_NORM_CONVVAR_R2",
    "out_dir": "./results",
    "seed": 1403408015,
    "bs_train": 128,
    "bs_test": 32,
    "batches": 100,
    "epochs": 100,
    "early_stopping": 5,
    "checkpoints": null,
    "lr": 0.0015,
    "reg": 0.0002,
    "filters_per_layer": 0,
    "layers_per_block": 0,
    "pool_every": 0,
    "hidden_dims": 0,
    "ycn": "LeNet5ConvVariance",
    "dataset": "CIFAR10",
    "kw": {
      "rounding": 2
    }
  },
  "results": {
    "num_epochs": 18,
    "train_loss": [
      1.7866338012773362,
      1.6187720509136425,
      1.5614577095831752,
      1.5259015910765703,
      1.4951953046462114,
      1.4735761121715731,
      1.4517768380587057,
      1.433956308133157,
      1.4102641240410183,
      1.3949314956469914,
      1.3800103768058445,
      1.3643079114996868,
      1.3500447157398818,
      1.3382259406092223,
      1.3254110477769467,
      1.3121196711459733,
      1.303548219563711,
      1.2916852159573293
    ],
    "train_acc": [
      36,
      42,
      44,
      45,
      47,
      47,
      48,
      49,
      50,
      50,
      51,
      51,
      52,
      53,
      53,
      54,
      54,
      54
    ],
    "test_loss": [
      1.733396291732788,
      1.6731257438659668,
      1.6357710361480713,
      1.6172083616256714,
      1.5638015270233154,
      1.5741242170333862,
      1.6035879850387573,
      1.5321711301803589,
      1.5481668710708618,
      1.5344314575195312,
      1.5488454103469849,
      1.5761083364486694,
      1.5197356939315796,
      1.517663598060608,
      1.4975779056549072,
      1.5314016342163086,
      1.5183165073394775,
      1.5165290832519531
    ],
    "test_acc": [
      37,
      40,
      42,
      42,
      44,
      44,
      44,
      46,
      46,
      46,
      46,
      45,
      47,
      47,
      47,
      47,
      47,
      47
    ]
  }
}