{
  "config": {
    "run_name": "exp6_CIFAR10_UNIF_CONVVAR_R0",
    "out_dir": "./results",
    "seed": 203639015,
    "bs_train": 128,
    "bs_test": 32,
    "batches": 100,
    "epochs": 100,
    "early_stopping": 5,
    "checkpoints": null,
    "lr": 0.0015,
    "reg": 0.0002,
    "filters_per_layer": 0,
    "layers_per_block": 0,
    "pool_every": 0,
    "hidden_dims": 0,
    "ycn": "LeNet5ConvVarianceUnif",
    "dataset": "CIFAR10",
    "kw": {
      "rounding": 0
    }
  },
  "results": {
    "num_epochs": 12,
    "train_loss": [
      2.0982110524726343,
      1.9065289729086639,
      1.8118329298160876,
      1.7431875540472357,
      1.6896580378417774,
      1.644300135505169,
      1.6044474004784508,
      1.5611120306927224,
      1.5243742511705365,
      1.4950936096708487,
      1.4657409306987168,
      1.4375833602207702
    ],
    "train_acc": [
      23,
      31,
      35,
      38,
      40,
      41,
      43,
      45,
      46,
      47,
      48,
      49
    ],
    "test_loss": [
      2.76719069480896,
      2.4179587364196777,
      2.416456699371338,
      2.651820421218872,
      2.597728729248047,
      2.4896929264068604,
      2.273672342300415,
      2.579197883605957,
      2.5047731399536133,
      2.7253596782684326,
      2.6059505939483643,
      2.477161169052124
    ],
    "test_acc": [
      16,
      22,
      22,
      22,
      22,
      23,
      27,
      23,
      25,
      25,
      24,
      27
    ]
  }
}