{
  "config": {
    "run_name": "exp6_CIFAR10_UNIF_CONVVAR_R100",
    "out_dir": "./results",
    "seed": 176305953,
    "bs_train": 128,
    "bs_test": 32,
    "batches": 100,
    "epochs": 100,
    "early_stopping": 5,
    "checkpoints": null,
    "lr": 0.0015,
    "reg": 0.0002,
    "filters_per_layer": 0,
    "layers_per_block": 0,
    "pool_every": 0,
    "hidden_dims": 0,
    "ycn": "LeNet5ConvVarianceUnif",
    "dataset": "CIFAR10",
    "kw": {
      "rounding": 100
    }
  },
  "results": {
    "num_epochs": 9,
    "train_loss": [
      2.0906743734998776,
      1.8992439069406455,
      1.8061893010688255,
      1.749561048224759,
      1.702028806252248,
      1.6639551524920841,
      1.6232019900665868,
      1.5797522769254797,
      1.5516429584654396
    ],
    "train_acc": [
      24,
      31,
      35,
      37,
      39,
      40,
      42,
      44,
      45
    ],
    "test_loss": [
      2.597677707672119,
      2.4603049755096436,
      2.823603391647339,
      2.6821608543395996,
      2.6180624961853027,
      2.6261484622955322,
      2.491182327270508,
      2.6408331394195557,
      2.593719482421875
    ],
    "test_acc": [
      18,
      20,
      21,
      23,
      21,
      20,
      23,
      23,
      23
    ]
  }
}