{
  "config": {
    "run_name": "exp6_CIFAR10_UNIF_CONVVAR_R1000",
    "out_dir": "./results",
    "seed": 1098433195,
    "bs_train": 128,
    "bs_test": 32,
    "batches": 100,
    "epochs": 100,
    "early_stopping": 5,
    "checkpoints": null,
    "lr": 0.0015,
    "reg": 0.0002,
    "filters_per_layer": 0,
    "layers_per_block": 0,
    "pool_every": 0,
    "hidden_dims": 0,
    "ycn": "LeNet5ConvVarianceUnif",
    "dataset": "CIFAR10",
    "kw": {
      "rounding": 1000
    }
  },
  "results": {
    "num_epochs": 26,
    "train_loss": [
      2.084947275993464,
      1.8962468320451429,
      1.8038741084925658,
      1.741643460510332,
      1.6932749851890232,
      1.6495415216211773,
      1.6046684626728067,
      1.567715377758836,
      1.530068920396478,
      1.5030468452312147,
      1.4640534000323557,
      1.4446309743939763,
      1.4231601746185967,
      1.3956308883169424,
      1.3700410426425202,
      1.3571932096310588,
      1.341754234050546,
      1.3258460793653717,
      1.2991630479197978,
      1.2890398679182047,
      1.2756580948219884,
      1.264370271464443,
      1.2498456837271181,
      1.2380053952831747,
      1.2236910078226757,
      1.2131058614882058
    ],
    "train_acc": [
      24,
      31,
      35,
      37,
      39,
      41,
      43,
      44,
      46,
      47,
      48,
      49,
      50,
      51,
      52,
      52,
      53,
      53,
      54,
      55,
      55,
      56,
      56,
      56,
      57,
      57
    ],
    "test_loss": [
      2.9920785427093506,
      2.5783395767211914,
      2.46152400970459,
      2.3840136528015137,
      2.4717345237731934,
      2.326711416244507,
      2.4438371658325195,
      2.509598731994629,
      2.537220001220703,
      2.389138698577881,
      2.430006265640259,
      2.297152280807495,
      2.493419885635376,
      2.341583490371704,
      2.3766541481018066,
      2.297287702560425,
      2.310976505279541,
      2.261247396469116,
      2.419804811477661,
      2.5032341480255127,
      2.199991464614868,
      2.6793313026428223,
      2.476717233657837,
      2.4587435722351074,
      2.592808723449707,
      2.5288262367248535
    ],
    "test_acc": [
      16,
      19,
      21,
      23,
      24,
      25,
      24,
      25,
      24,
      27,
      27,
      27,
      27,
      28,
      28,
      29,
      29,
      29,
      28,
      27,
      30,
      27,
      29,
      27,
      28,
      28
    ]
  }
}