{
  "config": {
    "run_name": "exp6_CIFAR10_UNIF_CONVVAR_R2",
    "out_dir": "./results",
    "seed": 448977134,
    "bs_train": 128,
    "bs_test": 32,
    "batches": 100,
    "epochs": 100,
    "early_stopping": 5,
    "checkpoints": null,
    "lr": 0.0015,
    "reg": 0.0002,
    "filters_per_layer": 0,
    "layers_per_block": 0,
    "pool_every": 0,
    "hidden_dims": 0,
    "ycn": "LeNet5ConvVarianceUnif",
    "dataset": "CIFAR10",
    "kw": {
      "rounding": 2
    }
  },
  "results": {
    "num_epochs": 16,
    "train_loss": [
      2.0916263563248814,
      1.8853315148512115,
      1.809374412002466,
      1.7413940515054767,
      1.6949896349016662,
      1.6578022461108235,
      1.6177976277783095,
      1.582895607899522,
      1.544702067704457,
      1.511080965971398,
      1.4900789931607064,
      1.4573021538727118,
      1.4398300903837393,
      1.416109698507792,
      1.387349208602515,
      1.370890420111244
    ],
    "train_acc": [
      23,
      32,
      35,
      38,
      39,
      41,
      42,
      44,
      45,
      46,
      47,
      48,
      49,
      50,
      51,
      51
    ],
    "test_loss": [
      2.5731921195983887,
      2.6570301055908203,
      2.6555638313293457,
      2.402242660522461,
      2.506115674972534,
      2.5562238693237305,
      2.479032039642334,
      2.6595027446746826,
      2.281147003173828,
      2.6934523582458496,
      2.2846360206604004,
      2.7494306564331055,
      2.769690752029419,
      2.3175976276397705,
      2.4068470001220703,
      2.4534237384796143
    ],
    "test_acc": [
      18,
      20,
      20,
      24,
      23,
      23,
      24,
      23,
      27,
      23,
      28,
      24,
      24,
      27,
      28,
      26
    ]
  }
}