{
  "config": {
    "run_name": "exp7_CIFAR10_NORM_LINEARVAR_R1",
    "out_dir": "./results",
    "seed": 307530963,
    "bs_train": 128,
    "bs_test": 32,
    "batches": 100,
    "epochs": 100,
    "early_stopping": 5,
    "checkpoints": null,
    "lr": 0.0015,
    "reg": 0.0002,
    "filters_per_layer": 0,
    "layers_per_block": 0,
    "pool_every": 0,
    "hidden_dims": 0,
    "ycn": "LeNet5FCVariance",
    "dataset": "CIFAR10",
    "kw": {
      "rounding": 1
    }
  },
  "results": {
    "num_epochs": 14,
    "train_loss": [
      1.6249697321211285,
      1.3682877776567892,
      1.281565393938128,
      1.2300267440583699,
      1.2011314755510492,
      1.173343395942922,
      1.149038158719192,
      1.1302621600877902,
      1.1177983921202248,
      1.1036141057453497,
      1.0925939077001703,
      1.07714052044827,
      1.066526771201502,
      1.0617582799528567
    ],
    "train_acc": [
      39,
      50,
      53,
      56,
      57,
      58,
      59,
      60,
      60,
      61,
      61,
      62,
      62,
      62
    ],
    "test_loss": [
      1.8806897401809692,
      1.4349783658981323,
      1.282658576965332,
      1.2672181129455566,
      1.2195426225662231,
      1.240157127380371,
      1.2121365070343018,
      1.2948883771896362,
      1.1738461256027222,
      1.3368830680847168,
      1.3794499635696411,
      1.2341943979263306,
      1.2099852561950684,
      1.3532347679138184
    ],
    "test_acc": [
      36,
      48,
      54,
      55,
      56,
      56,
      57,
      54,
      59,
      53,
      53,
      57,
      58,
      55
    ]
  }
}