{
  "config": {
    "run_name": "exp7_CIFAR10_NORM_LINEARVAR_R100",
    "out_dir": "./results",
    "seed": 75056347,
    "bs_train": 128,
    "bs_test": 32,
    "batches": 100,
    "epochs": 100,
    "early_stopping": 5,
    "checkpoints": null,
    "lr": 0.0015,
    "reg": 0.0002,
    "filters_per_layer": 0,
    "layers_per_block": 0,
    "pool_every": 0,
    "hidden_dims": 0,
    "ycn": "LeNet5FCVariance",
    "dataset": "CIFAR10",
    "kw": {
      "rounding": 100
    }
  },
  "results": {
    "num_epochs": 20,
    "train_loss": [
      1.5962933231802547,
      1.3305322322089348,
      1.2490971016761896,
      1.1972889962708553,
      1.1637933217655971,
      1.1378575711299086,
      1.1209270010518906,
      1.098038646418725,
      1.0823666242992176,
      1.0710573377816572,
      1.060841377281472,
      1.0454663805034765,
      1.0425182091610512,
      1.0273581464272326,
      1.0222357993235673,
      1.0171318301154524,
      1.009231146796585,
      1.0078554054355378,
      0.9977807901094636,
      0.9941139143446217
    ],
    "train_acc": [
      40,
      51,
      54,
      57,
      58,
      59,
      60,
      61,
      61,
      62,
      62,
      63,
      63,
      63,
      64,
      64,
      64,
      64,
      65,
      65
    ],
    "test_loss": [
      1.4686217308044434,
      1.3982583284378052,
      1.383169174194336,
      1.2958027124404907,
      1.2950291633605957,
      1.1858203411102295,
      1.2568359375,
      1.1625908613204956,
      1.171378493309021,
      1.160947322845459,
      1.1348830461502075,
      1.2249559164047241,
      1.233764886856079,
      1.1031265258789062,
      1.0827455520629883,
      1.205307960510254,
      1.1015173196792603,
      1.122576355934143,
      1.1088581085205078,
      1.2163938283920288
    ],
    "test_acc": [
      46,
      50,
      51,
      53,
      53,
      59,
      56,
      58,
      59,
      59,
      61,
      58,
      58,
      61,
      62,
      58,
      62,
      61,
      61,
      57
    ]
  }
}