{
  "config": {
    "run_name": "exp7_CIFAR10_NORM_LINEARVAR_R2",
    "out_dir": "./results",
    "seed": 1964054517,
    "bs_train": 128,
    "bs_test": 32,
    "batches": 100,
    "epochs": 100,
    "early_stopping": 5,
    "checkpoints": null,
    "lr": 0.0015,
    "reg": 0.0002,
    "filters_per_layer": 0,
    "layers_per_block": 0,
    "pool_every": 0,
    "hidden_dims": 0,
    "ycn": "LeNet5FCVariance",
    "dataset": "CIFAR10",
    "kw": {
      "rounding": 2
    }
  },
  "results": {
    "num_epochs": 17,
    "train_loss": [
      1.5977635252506226,
      1.3406039256878826,
      1.2588718428331263,
      1.2084147472820623,
      1.178409059334289,
      1.152886553188724,
      1.1307125679977106,
      1.1161967633325425,
      1.0987910613074632,
      1.0866928132598663,
      1.0749714770890257,
      1.0644800691958278,
      1.0561895266823147,
      1.0498393621591047,
      1.0350783045029701,
      1.0408824352961976,
      1.0285837199072094
    ],
    "train_acc": [
      40,
      51,
      54,
      56,
      57,
      58,
      59,
      60,
      61,
      61,
      62,
      62,
      62,
      63,
      63,
      63,
      63
    ],
    "test_loss": [
      1.499480962753296,
      1.492756962776184,
      1.4228792190551758,
      1.2843552827835083,
      1.346580147743225,
      1.21950101852417,
      1.2351387739181519,
      1.234002709388733,
      1.2261604070663452,
      1.1561294794082642,
      1.2905384302139282,
      1.137096881866455,
      1.2222580909729004,
      1.1371291875839233,
      1.1606712341308594,
      1.1687692403793335,
      1.1184977293014526
    ],
    "test_acc": [
      45,
      46,
      49,
      54,
      53,
      57,
      56,
      57,
      57,
      59,
      55,
      60,
      58,
      60,
      59,
      60,
      60
    ]
  }
}