{
  "config": {
    "run_name": "exp7_CIFAR10_NORM_LINEARVAR_R0",
    "out_dir": "./results",
    "seed": 465604107,
    "bs_train": 128,
    "bs_test": 32,
    "batches": 100,
    "epochs": 100,
    "early_stopping": 5,
    "checkpoints": null,
    "lr": 0.0015,
    "reg": 0.0002,
    "filters_per_layer": 0,
    "layers_per_block": 0,
    "pool_every": 0,
    "hidden_dims": 0,
    "ycn": "LeNet5FCVariance",
    "dataset": "CIFAR10",
    "kw": {
      "rounding": 0
    }
  },
  "results": {
    "num_epochs": 13,
    "train_loss": [
      1.5913397064599235,
      1.311774094391357,
      1.2399553645907155,
      1.1880998504741112,
      1.156755580011841,
      1.132142096376785,
      1.119419650653439,
      1.094610716833178,
      1.0838506897087292,
      1.0688902284483166,
      1.057360151234795,
      1.0419457798723675,
      1.0394220817119568
    ],
    "train_acc": [
      40,
      52,
      55,
      57,
      58,
      59,
      60,
      61,
      61,
      62,
      62,
      63,
      63
    ],
    "test_loss": [
      1.481320858001709,
      1.2767776250839233,
      1.2358052730560303,
      1.261265754699707,
      1.2016021013259888,
      1.2207708358764648,
      1.1859627962112427,
      1.11753511428833,
      1.1540539264678955,
      1.1554195880889893,
      1.1078754663467407,
      1.2045425176620483,
      1.1604015827178955
    ],
    "test_acc": [
      45,
      54,
      55,
      54,
      56,
      57,
      58,
      61,
      59,
      59,
      61,
      59,
      60
    ]
  }
}