{
  "config": {
    "run_name": "exp7_CIFAR10_NORM_LINEARVAR_R1000",
    "out_dir": "./results",
    "seed": 687274836,
    "bs_train": 128,
    "bs_test": 32,
    "batches": 100,
    "epochs": 100,
    "early_stopping": 5,
    "checkpoints": null,
    "lr": 0.0015,
    "reg": 0.0002,
    "filters_per_layer": 0,
    "layers_per_block": 0,
    "pool_every": 0,
    "hidden_dims": 0,
    "ycn": "LeNet5FCVariance",
    "dataset": "CIFAR10",
    "kw": {
      "rounding": 1000
    }
  },
  "results": {
    "num_epochs": 9,
    "train_loss": [
      1.6122512917994234,
      1.3344993335206796,
      1.2427892645301721,
      1.201724978054271,
      1.1665093189920002,
      1.1433541494257309,
      1.117401394087945,
      1.103118496630198,
      1.0838212456239764
    ],
    "train_acc": [
      40,
      51,
      55,
      56,
      58,
      59,
      60,
      60,
      61
    ],
    "test_loss": [
      1.4849566221237183,
      1.3343585729599,
      1.2922202348709106,
      1.2259622812271118,
      1.293363332748413,
      1.3540425300598145,
      1.4471793174743652,
      1.2895927429199219,
      1.2511717081069946
    ],
    "test_acc": [
      46,
      51,
      53,
      56,
      54,
      54,
      51,
      56,
      56
    ]
  }
}