{
  "config": {
    "run_name": "exp8_CIFAR10_UNIF_LINEARVAR_R2",
    "out_dir": "./results",
    "seed": 82328646,
    "bs_train": 128,
    "bs_test": 32,
    "batches": 100,
    "epochs": 100,
    "early_stopping": 5,
    "checkpoints": null,
    "lr": 0.0015,
    "reg": 0.0002,
    "filters_per_layer": 0,
    "layers_per_block": 0,
    "pool_every": 0,
    "hidden_dims": 0,
    "ycn": "LeNet5FCVarianceUnif",
    "dataset": "CIFAR10",
    "kw": {
      "rounding": 2
    }
  },
  "results": {
    "num_epochs": 25,
    "train_loss": [
      2.30902901268981,
      2.2228345041689663,
      2.0969884261450806,
      2.000542701662654,
      1.9317888951362552,
      1.8898810340315484,
      1.8486687481555792,
      1.8183605045918614,
      1.790754600254166,
      1.7551949280302237,
      1.7203844932034194,
      1.7038307083232322,
      1.68326057131638,
      1.6566366027383244,
      1.6410738793785309,
      1.623201357739051,
      1.6200307970461638,
      1.5991077255410002,
      1.5940984920467562,
      1.5849621350807912,
      1.5697929953675136,
      1.5673081734601189,
      1.556979876345076,
      1.5456827406383231,
      1.5401615361728327
    ],
    "train_acc": [
      11,
      15,
      19,
      22,
      24,
      26,
      28,
      29,
      30,
      32,
      34,
      35,
      36,
      37,
      37,
      38,
      38,
      39,
      40,
      41,
      41,
      41,
      42,
      42,
      42
    ],
    "test_loss": [
      2.306251049041748,
      2.1280338764190674,
      2.0378096103668213,
      2.090888261795044,
      2.0124194622039795,
      1.9165536165237427,
      2.05592679977417,
      1.8571114540100098,
      1.7625082731246948,
      1.7686105966567993,
      1.8526039123535156,
      1.8612232208251953,
      1.8061903715133667,
      1.766697645187378,
      1.752685308456421,
      1.7185992002487183,
      1.7507487535476685,
      1.6279590129852295,
      1.7180615663528442,
      1.630116581916809,
      1.6586887836456299,
      1.733012318611145,
      1.7148324251174927,
      2.0235342979431152,
      1.7734571695327759
    ],
    "test_acc": [
      14,
      18,
      21,
      23,
      25,
      28,
      27,
      30,
      33,
      34,
      34,
      34,
      35,
      36,
      37,
      39,
      39,
      40,
      39,
      42,
      41,
      39,
      40,
      37,
      40
    ]
  }
}