{
  "config": {
    "run_name": "exp8_CIFAR10_UNIF_LINEARVAR_R1000",
    "out_dir": "./results",
    "seed": 1290691485,
    "bs_train": 128,
    "bs_test": 32,
    "batches": 100,
    "epochs": 100,
    "early_stopping": 5,
    "checkpoints": null,
    "lr": 0.0015,
    "reg": 0.0002,
    "filters_per_layer": 0,
    "layers_per_block": 0,
    "pool_every": 0,
    "hidden_dims": 0,
    "ycn": "LeNet5FCVarianceUnif",
    "dataset": "CIFAR10",
    "kw": {
      "rounding": 1000
    }
  },
  "results": {
    "num_epochs": 21,
    "train_loss": [
      2.318596855758706,
      2.223218210517903,
      2.0808948415624515,
      1.9450454102147876,
      1.86974953172152,
      1.815242263362231,
      1.7786563692800224,
      1.740839005736134,
      1.7134967896029771,
      1.6859585153477272,
      1.6656063133493408,
      1.6371406880790924,
      1.6256371602377928,
      1.6164454837589313,
      1.5973491415648204,
      1.5854090558903298,
      1.5775340063797543,
      1.567338280055834,
      1.5632281480237955,
      1.5520489688419625,
      1.5496253994724634
    ],
    "train_acc": [
      11,
      15,
      21,
      25,
      28,
      29,
      31,
      33,
      34,
      36,
      36,
      38,
      38,
      38,
      39,
      40,
      40,
      40,
      41,
      41,
      41
    ],
    "test_loss": [
      2.298605442047119,
      2.144409656524658,
      1.9705966711044312,
      2.1251425743103027,
      1.9508588314056396,
      1.8614833354949951,
      2.217771530151367,
      2.0133776664733887,
      2.013719320297241,
      1.9691530466079712,
      1.7862721681594849,
      1.7024385929107666,
      1.7462661266326904,
      1.7572193145751953,
      1.7060602903366089,
      1.661376953125,
      1.7516179084777832,
      1.9055019617080688,
      1.7024462223052979,
      1.9271467924118042,
      1.793283462524414
    ],
    "test_acc": [
      14,
      20,
      24,
      24,
      28,
      31,
      28,
      30,
      31,
      33,
      35,
      38,
      38,
      39,
      39,
      40,
      38,
      38,
      40,
      37,
      39
    ]
  }
}