{
  "config": {
    "run_name": "exp8_CIFAR10_UNIF_LINEARVAR_R0",
    "out_dir": "./results",
    "seed": 865333857,
    "bs_train": 128,
    "bs_test": 32,
    "batches": 100,
    "epochs": 100,
    "early_stopping": 5,
    "checkpoints": null,
    "lr": 0.0015,
    "reg": 0.0002,
    "filters_per_layer": 0,
    "layers_per_block": 0,
    "pool_every": 0,
    "hidden_dims": 0,
    "ycn": "LeNet5FCVarianceUnif",
    "dataset": "CIFAR10",
    "kw": {
      "rounding": 0
    }
  },
  "results": {
    "num_epochs": 22,
    "train_loss": [
      2.320371405852725,
      2.19349082199204,
      2.0293676039142072,
      1.9360770444430964,
      1.8776744588866563,
      1.8390302953817654,
      1.8031906761476755,
      1.7658036191140294,
      1.7398805285963561,
      1.707383400338995,
      1.6823172831474362,
      1.6538400335994827,
      1.6417246547806295,
      1.6255321889887075,
      1.6069046606493118,
      1.595305577873269,
      1.5886872625716812,
      1.5787812867737792,
      1.57017000282512,
      1.5649018049849879,
      1.555662836260198,
      1.548347472229882
    ],
    "train_acc": [
      11,
      16,
      21,
      24,
      26,
      28,
      30,
      31,
      33,
      34,
      35,
      36,
      37,
      37,
      38,
      39,
      39,
      39,
      40,
      40,
      40,
      41
    ],
    "test_loss": [
      2.2758069038391113,
      2.1670000553131104,
      1.9989235401153564,
      2.04325795173645,
      2.1013054847717285,
      2.015547275543213,
      1.7952613830566406,
      1.8327158689498901,
      1.8030588626861572,
      1.7797155380249023,
      1.7866833209991455,
      1.7075403928756714,
      1.7668622732162476,
      1.7338379621505737,
      1.647382140159607,
      1.738430380821228,
      1.670254111289978,
      1.742879867553711,
      1.762435793876648,
      1.7212246656417847,
      1.854928731918335,
      1.764874815940857
    ],
    "test_acc": [
      14,
      18,
      23,
      24,
      25,
      28,
      31,
      32,
      33,
      35,
      36,
      38,
      36,
      37,
      39,
      38,
      40,
      39,
      38,
      39,
      38,
      39
    ]
  }
}