{
  "config": {
    "run_name": "exp8_CIFAR10_UNIF_LINEARVAR_R100",
    "out_dir": "./results",
    "seed": 1212482377,
    "bs_train": 128,
    "bs_test": 32,
    "batches": 100,
    "epochs": 100,
    "early_stopping": 5,
    "checkpoints": null,
    "lr": 0.0015,
    "reg": 0.0002,
    "filters_per_layer": 0,
    "layers_per_block": 0,
    "pool_every": 0,
    "hidden_dims": 0,
    "ycn": "LeNet5FCVarianceUnif",
    "dataset": "CIFAR10",
    "kw": {
      "rounding": 100
    }
  },
  "results": {
    "num_epochs": 21,
    "train_loss": [
      2.321806664966866,
      2.202038375922786,
      2.0250205935724557,
      1.9176292803586292,
      1.8606847469763987,
      1.8256208832611514,
      1.7943727552433453,
      1.7735887515880262,
      1.7526432955661393,
      1.7344986706438577,
      1.7119450352685837,
      1.689637893606025,
      1.6770373643816585,
      1.657080060685687,
      1.6440387641072578,
      1.6347078231289565,
      1.6242424670387716,
      1.6063111334505593,
      1.5927349615584858,
      1.5825085124701186,
      1.5665705423525838
    ],
    "train_acc": [
      11,
      16,
      21,
      25,
      27,
      29,
      30,
      31,
      32,
      33,
      34,
      35,
      36,
      37,
      37,
      38,
      38,
      39,
      40,
      40,
      41
    ],
    "test_loss": [
      2.2700016498565674,
      2.061213254928589,
      2.2558672428131104,
      1.8485188484191895,
      2.044361114501953,
      1.9088380336761475,
      1.874563217163086,
      1.8121308088302612,
      1.7937939167022705,
      1.7593985795974731,
      1.8098323345184326,
      1.723409652709961,
      1.8961896896362305,
      1.923638105392456,
      1.6325898170471191,
      1.6089421510696411,
      1.7161047458648682,
      1.6992298364639282,
      1.6381330490112305,
      1.679947018623352,
      1.8489822149276733
    ],
    "test_acc": [
      14,
      21,
      21,
      27,
      26,
      30,
      30,
      33,
      33,
      34,
      35,
      37,
      35,
      35,
      40,
      41,
      39,
      40,
      41,
      40,
      39
    ]
  }
}